Project ID,Project Name,Project local script,Fuel type,Country/Area,Subnational unit,Production Type,Status,Status detail,Status year,Discovery year,FID Year,Production start year,Operator,Owner(s),Parent(s),Government unit ID,Units (list of IDs),Wiki URL (project),Name Other,Latitude,Longitude,Location accuracy,Project location type,Onshore/Offshore,Project outline (WKT),Basin,Block(s)
L100000312600,Adrar Oil and Gas Project (Algeria),,oil and gas,Algeria,,conventional,operating,,2023,1980,,,China National Petroleum,China National Petroleum Corp [70%],China National Petroleum Corp [70.0%],,L100000312600,https://www.gem.wiki/Adrar_Oil_and_Gas_Project_(Algeria),Adrar Integrated Project,25.8240000,1.7990000,exact,project level location,onshore,,,
L100000310966,Agbami Oil and Gas Project (Nigeria),,oil and gas,Nigeria,,conventional,operating,,2024,1998,,2008,,,,,"L100001061482, L100001061483",https://www.gem.wiki/Agbami_Oil_and_Gas_Project_(Nigeria),Agbami-Ekoli,,,,,offshore,,,OML 127; OML 128; PML 52
L100000324599,Ahvaz Oil Project (Iran),,oil,Iran,,conventional,operating,,2025,1953,,1954,Karoon Oil and Gas Production,National Iranian Oil Co [100%],National Iranian Oil Co [100.0%],,"L100000312129, L100000312143",https://www.gem.wiki/Ahvaz_Oil_Project_(Iran),Ahwaz,31.2916408,48.7572266,approximate,project level location,onshore,"MULTIPOLYGON (((48.4920330296193 31.496375489121,48.5243481209254 31.4853531545026,48.7228551103773 31.3435218135508,48.7893318696356 31.3017195266765,48.8535004080862 31.2677908308325,48.9199771673445 31.2176645091859,48.9887621474104 31.1639564442395,49.0266169686547 31.1145655455845,49.0146142204553 31.0706848731953,48.9859922824413 31.0778020345669,48.932903203867 31.1355104277112,48.8548853405708 31.2137164250656,48.7833304955358 31.2571362807128,48.6739208292566 31.3143410406337,48.5811303527919 31.3754525564795,48.5220399001178 31.4117064151086,48.4814152139044 31.4656671838189,48.4929563179423 31.4955882225836,48.4920330296193 31.496375489121)))",,
L100000314030,"Aishwariya Barmer Hill Oil Project (Rajasthan, India)",,oil,India,Rajasthan,unconventional,operating,,2021,,,2021,Vedanta,Oil and Natural Gas Corporation Ltd [30%]; Vedanta Ltd [70%],Vedanta Ltd [70.0%]; Oil and Natural Gas Corporation Ltd [30.0%],,,"https://www.gem.wiki/Aishwariya_Barmer_Hill_Oil_Project_(Rajasthan,_India)","Aishwarya-4, Barmer Hill and Satellites, Aishwariya",26.5646000,73.8344000,approximate,project level location,onshore,,Rajasthan,RJ-ON-90/1
L100000304819,"Akacias Oil Project (Meta, Colombia)",Akacias,oil,Colombia,Meta,conventional,operating,,2024,,,,Ecopetrol,Ecopetrol SA [100%],Ecopetrol SA [100.0%],,"L100000302776, L100000304819, L100000302777","https://www.gem.wiki/Akacias_Oil_Project_(Meta,_Colombia)",Akacias Phase 1,3.9540000,-73.7350000,exact,project level location,onshore,,,Cpo 9
L100000313001,"Alpine Satellites Oil Project (Alaska, United States)",,oil,United States,Alaska,conventional,operating,,2021,,,2006,ConocoPhillips,ConocoPhillips Corp [100%],ConocoPhillips Corp [100.0%],,"L100000313001, L100000317030, L100000317029, L100000317028","https://www.gem.wiki/Alpine_Satellites_Oil_Project_(Alaska,_United_States)",,70.2948000,-151.6202000,approximate,project level location,onshore,,,
L100000320899,Amal Steam Project Oil Project (Oman),,oil,Oman,,conventional,operating,,2024,1972,,1984,Petroleum Development Oman,Petroleum Development Oman LLC [100%],Energy Development Oman SAOC [60.0%]; Shell PLC [34.0%]; small shareholder(s) [6.0%],,"L100000320899, L100000312509, L100000312510",https://www.gem.wiki/Amal_Steam_Project_Oil_Project_(Oman),,20.3293000,56.0697000,approximate,project level location,onshore,,,Block 6
L100000323477,Amangeldinskaya group Oil and Gas Project (Kazakhstan),Амангельдинская группа месторождений,oil and gas,Kazakhstan,,conventional,operating,,,,,,QazaqGas,QazaqGas [100%],QazaqGas [100.0%],,"L100000312687, L100000312685, L100000323477, L100000312686",https://www.gem.wiki/Amangeldinskaya_group_Oil_and_Gas_Project_(Kazakhstan),,44.3370000,71.0854000,approximate,project level location,onshore,,Chu-Sarysu,
L100001061729,Amatu-Akarino Oil and Gas Project (Nigeria),,oil and gas,Nigeria,,,in-development,,2024,,2024,,,,,,,https://www.gem.wiki/Amatu-Akarino_Oil_and_Gas_Project_(Nigeria),,,,,,offshore,,,OML 136
L100000310986,Amoji/Matsogo/Igbolo Gas Project (Nigeria),,gas,Nigeria,,conventional,operating,,2013,,,,Chorus Energy,Chorus Energy Ltd [100%],Chorus Energy Ltd [100.0%],,"L100000317032, L100000317033, L100000317031, L100000310986",https://www.gem.wiki/Amoji/Matsogo/Igbolo_Gas_Project_(Nigeria),,,,,,onshore,,,OML 152; OML 56; PML 8
L100001062749,Anambas Block Oil and Gas Project (Indonesia),,oil and gas,Indonesia,,,discovered,,2022,2022,,,KUFPEC Indonesia (Anambas),KUFPEC Indonesia (Anambas) BV [100%],KUFPEC Indonesia (Anambas) BV [100.0%],,,https://www.gem.wiki/Anambas_Block_Oil_and_Gas_Project_(Indonesia),,4.6340000,105.6760000,approximate,project level location,offshore,"MULTIPOLYGON (((105.351969 4.864219,105.351939 4.713061,105.392061 4.666669,105.5 4.666669,105.5 4.75,105.61195 4.75,105.640369 4.77595,105.75 4.883331,105.936361 4.836561,106.015081 4.810061,105.993331 4.756811,106.04305 4.729775,106.107031 4.776356,106.238558 4.754544,106.033331 4.666669,105.833339 4.666669,105.833339 4.583331,105.766681 4.583153,105.766672 4.466511,105.634583 4.466511,105.634583 4.333331,105.5 4.333331,105.5 4.383331,105.366669 4.45,105.333339 4.45,105.333339 4.5,105.383331 4.5,105.383331 4.633331,105.291661 4.633331,105.291661 4.666669,105.233331 4.666669,105.351969 4.864219)),((105.351969 4.864219,105.4212 4.980939,105.57875 4.933639,105.632231 4.947169,105.695 4.8975,105.562769 4.864219,105.351969 4.864219)))",,Anambas
L100000324541,"APLNG Gas Project (Queensland, Australia)",,gas,Australia,Queensland,unconventional,operating,,2024,,,,Australia Pacific LNG,China Petrochemical Corp [25%]; Origin Energy Ltd [27%]; ConocoPhillips Corp [47%],ConocoPhillips Corp [47.5%]; Origin Energy Ltd [27.5%]; China Petrochemical Corp [25.0%],,"L100000310655, L100000310666, L100000310625, L100000310703, L100000310632, L100000310718, L100000310596, L100000310691, L100000310719, L100000310714, L100000310698, L100000310620, L100000310623, L100000310700, L100000310664","https://www.gem.wiki/APLNG_Gas_Project_(Queensland,_Australia)",,-23.7558300,151.1906100,exact,project level location,onshore,,Surat,PL 1011; PL 1018; PL 195; PL 216; PL 225; PL 226; PL 263; PL 265; PL 297; PL 403; PL 404; PL 407; PL 412; PL 470
L100000317496,Area 1 Gas Project (Mozambique),,gas,Mozambique,,conventional,in-development,,2025,,2019,,TotalEnergies,TotalEnergies SE [26%]; ONGC Videsh Rovuma Ltd [10%]; ENH Rovuma Área Um SA [15%]; Other [28%]; Mitsui E&P Mozambique Area1 Ltd [20%],Other [28.5%]; TotalEnergies SE [26.5%]; Mitsui & Co Ltd [20.0%]; Empresa Nacional de Hidrocarbonetos de Mozambique [15.0%]; Oil and Natural Gas Corporation (ONGC) [10.0%],,,https://www.gem.wiki/Area_1_Gas_Project_(Mozambique),,-10.9704000,40.8465000,exact,project level location,offshore,,Rovuma,Area 1
L100000310995,Assa North-Ohaji South Oil and Gas Project (Nigeria),,oil and gas,Nigeria,,conventional,operating,ramp up,2026,1992,2019,2026,ANOH Gas Processing Company,,,,"L100000317034, L100000310995, L100000317035",https://www.gem.wiki/Assa_North-Ohaji_South_Oil_and_Gas_Project_(Nigeria),ANOH,6.8501000,5.4380000,exact,project level location,onshore,,,OML 21; OML 21 (Assa North); OML 53; OML 53 (Ohaji South)
L100000312045,"Astrakhanskoye Gas and Condensate Project (Astrakhan region, Russia)",Астраханское,gas and condensate,Russia,Astrakhan region,conventional,operating,,2019,1976,,,,,,"Rosnedra License ID: АСТ14553НР, Rosnedra License ID: АСТ14552НР, Rosnedra License ID: АСТ16480НР, Rosnedra License ID: АСТ16065НР","L100000319021, L100000318893, L100000312045","https://www.gem.wiki/Astrakhanskoye_Gas_and_Condensate_Project_(Astrakhan_region,_Russia)",АГКМ,46.9149000,47.9725000,exact,project level location,onshore,,Pre-Caspian,Astrakhanskoye oil and gas field Levoberezhnaya chast; Astrakhansky Pravoberezhny; Severo-Astrakhansky; Yelenovskaya struktura
L100000319008,Auca Oil and Gas Project (Ecuador),Activo Auca,oil and gas,Ecuador,,conventional,operating,,2018,,,,EP Petroecuador,,,,"L100000319008, L100000304604",https://www.gem.wiki/Auca_Oil_and_Gas_Project_(Ecuador),,-0.6077,-76.8992,approximate,location derived from fields,onshore,,Oriente,B61 + B55; B61 - AUCA
L100000320658,Awali Oil and Gas Project (Bahrain),بحرين,oil and gas,Bahrain,,conventional,operating,,2023,1932,,1932,Tatweer Petroleum,Tatweer Petroleum [100%],Nogaholdings [100.0%],,"L100000320658, L100000318001, L100000318002",https://www.gem.wiki/Awali_Oil_and_Gas_Project_(Bahrain),Bahrain,26.0333000,50.5320000,exact,project level location,onshore,,,
L100000310999,Awoba Oil and Gas Project (Nigeria),,oil and gas,Nigeria,,conventional,mothballed,,2024,1958,,1972,Newcross,Newcross [45%]; NNPC E&P Ltd [55%],Newcross Petroleum Ltd [45.0%]; NNPC Ltd,,,https://www.gem.wiki/Awoba_Oil_and_Gas_Project_(Nigeria),,,,,,offshore,,,OML 24
L100000324417,Ayacucho (Area) Oil Project (Venezuela),,oil,Venezuela,,,operating,,,,,,,,,,L100000320732,https://www.gem.wiki/Ayacucho_(Area)_Oil_Project_(Venezuela),,8.4704,-64.1453,approximate,location derived from fields,onshore,"MULTIPOLYGON (((-64.5064445412703 8.68360588680504,-63.9917145642133 8.66987975408352,-63.9162208342449 8.59438602411515,-63.8235694383746 8.63556442227971,-63.7720964406689 8.78998341539682,-63.5593413834854 8.80370954811834,-63.3568809258429 8.8963609439886,-63.3465863263018 8.83802487992214,-63.4083539235486 8.75223655041264,-63.4023570951424 8.51428293196101,-63.4016370407046 8.27558943522343,-63.3980593240075 8.19632817519106,-63.4661119824471 8.15819638091861,-63.5506593117133 8.14907256840788,-63.6364231493142 8.14907256840788,-63.6760135116183 8.12769751158346,-63.7094136494001 8.13812399339499,-63.7716665715973 8.14246976285264,-63.820749845875 8.12283645314157,-63.888574006695 8.0335941362731,-63.9333785001468 7.96641545210559,-63.971125365131 7.94582625302331,-64.0617494425423 7.95441116704737,-64.1259343785133 7.98650363503288,-64.2146606135321 8.09316389627885,-64.3175452903092 8.09222000016163,-64.3579885934232 8.03002444359836,-64.4119349020313 7.99688649232231,-64.4402517855479 8.04030571371447,-64.4732881496506 8.05257636323835,-64.5123778016056 8.02734717409231,-64.5064445412703 8.68360588680504)))",,
L100000319176,Azadegan Oil Project (Iran),,oil,Iran,,conventional,operating,,2025,1997,,,Arvandan Oil and Gas,National Iranian Oil Co [100%],National Iranian Oil Co [100.0%],,"L100000312170, L100000312172",https://www.gem.wiki/Azadegan_Oil_Project_(Iran),,31.1613000,47.7945000,exact,project level location,onshore,"MULTIPOLYGON (((47.7977202106993 31.5396649391627,47.8605038166655 31.5373042136661,47.8646586141191 31.4802352004896,47.8581955958579 31.3703285999795,47.9034367236864 31.3474644673221,47.8715832765418 31.2133216075863,47.8983586379098 31.1311637569175,47.8715832765418 31.0315309649165,47.8235722837442 31.0307398108831,47.788487327469 31.0568444233373,47.7847941741769 31.1406471454768,47.7413996229944 31.2038454935467,47.7450927762865 31.2756823146089,47.7940270574072 31.3506184713555,47.7737147143005 31.4317976303926,47.7977202106993 31.5396649391627)))",,
L100000312912,Azeri-Chirag-Gunashli Oil and Gas Project (Azerbaijan),Azəri-Çıraq-Günəşli,oil and gas,Azerbaijan,,conventional,operating,,2025,1979,,1985,BP Exploration (Caspian Si),BP Exploration (Caspian Si) Ltd [30%]; MOL Group [9%]; INPEX Southwest Caspian Sea Ltd [9%]; State Oil Company of Azerbaijan Republic [25%]; other [25%],BP P.L.C. [30.4%]; other [25.7%]; State Oil Company of Azerbaijan Republic [25.0%]; MOL Group [9.6%]; INPEX Corp [9.3%],,"L100000312912, L100000317038, L100000317040, L100000317039",https://www.gem.wiki/Azeri-Chirag-Gunashli_Oil_and_Gas_Project_(Azerbaijan),Azeri-Chirag-Guneshli (ACG) Deepwater,40.2197000,51.0977000,approximate,project level location,offshore,,Caspian,
L100000302761,"Bacalhau Oil and Gas Project (São Paulo, Brazil)",Bacalhau,oil and gas,Brazil,São Paulo,conventional,operating,ramp up,2025,2012,2021,2025,Equinor Brasil Energia,ExxonMobil Brasil [40%]; Petrogal Brasil SA [20%]; Equinor Brasil [40%],Equinor ASA [40.0%]; Exxon Mobil Corp [40.0%]; Galp Energia SGPS SA [14.0%]; China Petroleum & Chemical Corp [6.0%],ANEEL: 1620,"L100000302761, L100000300041, L100000300040","https://www.gem.wiki/Bacalhau_Oil_and_Gas_Project_(São_Paulo,_Brazil)",,-25.4722000,-44.0033000,exact,project level location,offshore,"MULTIPOLYGON (((-44.099396802575 -25.5005056865587,-44.0993967931218 -25.497901508219,-44.0993967836699 -25.4952973298782,-44.0993967742194 -25.4926931515364,-44.0993967647702 -25.4900889731936,-44.0993967553223 -25.4874847948497,-44.0993967458757 -25.4848806165047,-44.0993967364304 -25.4822764381587,-44.0993967269864 -25.4796722598117,-44.0993967175437 -25.4770680814637,-44.0993967081023 -25.4744639031146,-44.0993966986623 -25.4718597247644,-44.0993966892236 -25.4692555464133,-44.0993966797861 -25.466651368061,-44.09939667035 -25.4640471897078,-44.0993966609152 -25.4614430113535,-44.0993966514817 -25.4588388329981,-44.0967924617362 -25.4588388407727,-44.0941882719898 -25.4588388485468,-44.0915840822425 -25.4588388563205,-44.0889798924943 -25.4588388640938,-44.0863757027452 -25.4588388718667,-44.0837715129952 -25.4588388796392,-44.0811673232443 -25.4588388874112,-44.0785631334925 -25.4588388951829,-44.0759589437397 -25.4588389029542,-44.0733547539861 -25.458838910725,-44.0707505642316 -25.4588389184954,-44.0681463744761 -25.4588389262655,-44.0655421847198 -25.4588389340351,-44.0629379949625 -25.4588389418043,-44.0629379855373 -25.4562347634376,-44.0629379761134 -25.4536305850698,-44.0629379666908 -25.451026406701,-44.0629379572695 -25.4484222283311,-44.0629379478495 -25.4458180499602,-44.0629379384308 -25.4432138715883,-44.0629379290134 -25.4406096932153,-44.0629379195973 -25.4380055148413,-44.0629379101825 -25.4354013364662,-44.0629379007691 -25.4327971580901,-44.0629378913569 -25.430192979713,-44.0629378819461 -25.4275888013348,-44.0629378725366 -25.4249846229556,-44.0629378631283 -25.4223804445754,-44.0629378537214 -25.4197762661941,-44.0629378443158 -25.4171720878117,-44.0603336545656 -25.4171720955687,-44.0577294648144 -25.4171721033253,-44.0551252750624 -25.4171721110814,-44.0525210853095 -25.4171721188372,-44.0499168955557 -25.4171721265925,-44.0473127058009 -25.4171721343474,-44.0447085160453 -25.417172142102,-44.0421043262887 -25.4171721498561,-44.0395001365313 -25.4171721576098,-44.0368959467729 -25.4171721653631,-44.0342917570137 -25.4171721731159,-44.0316875672535 -25.4171721808684,-44.0290833774925 -25.4171721886205,-44.0264791877305 -25.4171721963721,-44.0238749979676 -25.4171722041234,-44.0212708082038 -25.4171722118742,-44.0186666184392 -25.4171722196246,-44.0160624286736 -25.4171722273746,-44.0134582389071 -25.4171722351243,-44.0108540491397 -25.4171722428735,-44.0082498593714 -25.4171722506222,-44.0056456696022 -25.4171722583706,-44.0030414798321 -25.4171722661186,-44.0004372900611 -25.4171722738662,-43.9978331002892 -25.4171722816133,-43.9952289105164 -25.4171722893601,-43.9926247207427 -25.4171722971064,-43.990020530968 -25.4171723048523,-43.9874163411925 -25.4171723125978,-43.9848121514161 -25.4171723203429,-43.9822079616388 -25.4171723280876,-43.9796037718605 -25.4171723358319,-43.9769995820814 -25.4171723435758,-43.9743953923014 -25.4171723513193,-43.9717912025204 -25.4171723590623,-43.9691870127386 -25.417172366805,-43.9665828229558 -25.4171723745472,-43.9639786331722 -25.417172382289,-43.9613744433876 -25.4171723900305,-43.9587702536022 -25.4171723977715,-43.9561660638158 -25.4171724055121,-43.9535618740286 -25.4171724132523,-43.9509576842404 -25.417172420992,-43.9483534944513 -25.4171724287314,-43.9457493046614 -25.4171724364704,-43.9431451148705 -25.4171724442089,-43.9405409250787 -25.4171724519471,-43.9379367352861 -25.4171724596848,-43.9379367446679 -25.4197766381026,-43.937936754051 -25.4223808165193,-43.9379367634353 -25.424984994935,-43.9379367728211 -25.4275891733497,-43.9379367822081 -25.4301933517633,-43.9379367915964 -25.4327975301758,-43.937936800986 -25.4354017085874,-43.9379368103769 -25.4380058869978,-43.9379368197691 -25.4406100654073,-43.9379368291627 -25.4432142438157,-43.9379368385575 -25.4458184222231,-43.9379368479536 -25.4484226006294,-43.9379368573511 -25.4510267790347,-43.9379368667498 -25.4536309574389,-43.9379368761499 -25.4562351358421,-43.9379368855513 -25.4588393142442,-43.9379368949539 -25.4614434926454,-43.9379369043579 -25.4640476710454,-43.9379369137632 -25.4666518494445,-43.9379369231698 -25.4692560278424,-43.9379369325776 -25.4718602062394,-43.9379369419868 -25.4744643846353,-43.9379369513973 -25.4770685630302,-43.9379369608092 -25.479672741424,-43.9379369702223 -25.4822769198168,-43.9379369796367 -25.4848810982085,-43.9379369890524 -25.4874852765992,-43.9379369984695 -25.4900894549889,-43.9379370078878 -25.4926936333775,-43.9379370173075 -25.4952978117651,-43.9379370267284 -25.4979019901516,-43.9379370361507 -25.5005061685371,-43.9379370455742 -25.5031103469215,-43.9379370549991 -25.5057145253049,-43.9379370644253 -25.5083187036873,-43.9379370738528 -25.5109228820686,-43.9379370832816 -25.5135270604489,-43.9379370927117 -25.5161312388281,-43.9379371021432 -25.5187354172063,-43.9379371115759 -25.5213395955835,-43.9379371210099 -25.5239437739596,-43.9379371304453 -25.5265479523347,-43.9379371398819 -25.5291521307087,-43.9379371493199 -25.5317563090817,-43.9379371587592 -25.5343604874536,-43.9379371681997 -25.5369646658246,-43.9379371776416 -25.5395688441944,-43.9379371870848 -25.5421730225632,-43.9405413769014 -25.5421730147901,-43.9431455667171 -25.5421730070166,-43.9457497565319 -25.5421729992427,-43.9483539463458 -25.5421729914683,-43.9509581361588 -25.5421729836936,-43.9535623259709 -25.5421729759184,-43.956166515782 -25.5421729681428,-43.9587707055923 -25.5421729603669,-43.9613748954017 -25.5421729525905,-43.9639790852102 -25.5421729448136,-43.9665832750177 -25.5421729370364,-43.9691874648244 -25.5421729292588,-43.9717916546301 -25.5421729214807,-43.974395844435 -25.5421729137023,-43.9770000342389 -25.5421729059234,-43.979604224042 -25.5421728981441,-43.9822084138441 -25.5421728903645,-43.9848126036454 -25.5421728825844,-43.9874167934457 -25.5421728748038,-43.9900209832451 -25.5421728670229,-43.9926251730436 -25.5421728592416,-43.9952293628413 -25.5421728514598,-43.997833552638 -25.5421728436777,-44.0004377424338 -25.5421728358951,-44.0004377329786 -25.539568657544,-44.0004377235247 -25.5369644791918,-44.0004377140721 -25.5343603008386,-44.0004377046209 -25.5317561224843,-44.0004376951709 -25.529151944129,-44.0004376857223 -25.5265477657727,-44.0004376762749 -25.5239435874153,-44.0004376668289 -25.5213394090569,-44.0004376573842 -25.5187352306974,-44.0004376479408 -25.5161310523369,-44.0004376384987 -25.5135268739754,-44.0004376290579 -25.5109226956128,-44.0004376196184 -25.5083185172491,-44.0004376101803 -25.5057143388845,-44.0004376007434 -25.5031101605188,-44.0004375913079 -25.500505982152,-44.0030417810948 -25.5005059743808,-44.0056459708808 -25.5005059666092,-44.0082501606659 -25.5005059588372,-44.0108543504501 -25.5005059510648,-44.0134585402335 -25.500505943292,-44.0160627300159 -25.5005059355188,-44.0186669197974 -25.5005059277451,-44.021271109578 -25.5005059199711,-44.0238752993576 -25.5005059121966,-44.0264794891364 -25.5005059044218,-44.0290836789143 -25.5005058966465,-44.0316878686913 -25.5005058888708,-44.0342920584673 -25.5005058810947,-44.0368962482425 -25.5005058733182,-44.0395004380168 -25.5005058655412,-44.0421046277901 -25.5005058577639,-44.0447088175626 -25.5005058499862,-44.0473130073341 -25.500505842208,-44.0499171971048 -25.5005058344294,-44.0525213868745 -25.5005058266505,-44.0551255766433 -25.5005058188711,-44.0577297664112 -25.5005058110913,-44.0603339561783 -25.5005058033111,-44.0629381459444 -25.5005057955304,-44.0655423357096 -25.5005057877494,-44.0681465254739 -25.500505779968,-44.0707507152373 -25.5005057721861,-44.0733549049998 -25.5005057644039,-44.0759590947614 -25.5005057566212,-44.0785632845221 -25.5005057488381,-44.0811674742819 -25.5005057410546,-44.0837716640407 -25.5005057332707,-44.0863758537987 -25.5005057254864,-44.0889800435558 -25.5005057177017,-44.0915842333119 -25.5005057099166,-44.0941884230672 -25.500505702131,-44.0967926128215 -25.5005056943451,-44.099396802575 -25.5005056865587,-44.099396802575 -25.5005056865587)))",Santos,BM-S-8; Norte de Carcará
L100000312928,Bahar Oil and Gas Project (Azerbaijan),,oil and gas,Azerbaijan,,conventional,operating,,2020,,,,Bahar Energy Operating,Bahar Energy [80%]; State Oil Company of Azerbaijan Republic [20%],Greenfields Petroleum Corp [80.0%]; State Oil Company of Azerbaijan Republic [20.0%],,"L100000312926, L100000312927, L100000312928",https://www.gem.wiki/Bahar_Oil_and_Gas_Project_(Azerbaijan),Bahar Gum Deniz,40.3240000,49.9690000,approximate,project level location,offshore,,,
L100000324283,Baleine Oil Project (Côte d'Ivoire),,oil,Côte d'Ivoire,,conventional,operating,,2023,,,,Eni,Eni SpA [37%]; State Oil Company of Azerbaijan Republic [10%]; Société Nationale d'Opérations Pétrolières de la Côte d'Ivoire [22%]; Vitol SA [30%],Eni SpA [37.2%]; Vitol Holding II SA [30.0%]; Société Nationale d'Opérations Pétrolières de la Côte d'Ivoire [22.8%]; State Oil Company of Azerbaijan Republic [10.0%],,"L100000323377, L100000317485, L100000317486",https://www.gem.wiki/Baleine_Oil_Project_(Côte_d'Ivoire),,4.8975,-4.0132,approximate,location derived from fields,offshore,,,
L100000313931,Barracuda Gas Project (Trinidad and Tobago),Project Barracuda,gas,Trinidad and Tobago,,conventional,operating,,2021,,2020,2021,BG Group,BG Group Ltd [100%],Shell PLC [100.0%],,"L100000313931, L100000310911, L100000310922",https://www.gem.wiki/Barracuda_Gas_Project_(Trinidad_and_Tobago),Block 5C,10.2400000,-60.1320000,approximate,project level location,offshore,,,Block 5C
L100000304953,"Bassein & Satellite Oil and Gas Project (Mumbai, India)",,oil and gas,India,Mumbai,conventional,operating,,2023,1976,,1988,Oil and Natural Gas Corporation,Oil and Natural Gas Corporation Ltd [100%],Oil and Natural Gas Corporation Ltd [100.0%],,"L100000318025, L100000321309, L100000304953","https://www.gem.wiki/Bassein_&_Satellite_Oil_and_Gas_Project_(Mumbai,_India)",Vasai & Satellite,19.1990000,72.1240000,approximate,project level location,offshore,,Mumbai Offshore,Bassein & Satellite; Tapti Daman
L100000311936,"Beetaloo Gas Project (Northern Territory, Australia)",,gas,Australia,Northern Territory,unconventional,discovered,,2024,1990,,,Tamboran Resources,Tamboran Resources [77%]; Falcon Australia [22%],Tamboran Resources [77.5%]; Falcon Oil & Gas Ltd [22.0%]; unknown [0.4%],,L100000311936,"https://www.gem.wiki/Beetaloo_Gas_Project_(Northern_Territory,_Australia)",,-15.7131000,134.1261000,approximate,project level location,onshore,,Beetaloo,
L100000311929,Belayim Marine & Belayim Land Oil Project (Egypt),,oil,Egypt,,conventional,operating,,2023,,,,Petrobel,Ieoc SpA [100%],Eni SpA [100.0%],,L100000311929,https://www.gem.wiki/Belayim_Marine_&_Belayim_Land_Oil_Project_(Egypt),,28.6160000,33.2020000,approximate,project level location,offshore,,,Gulf of Suez and Nile Delta Area (Beyalim)
L100000312276,Belbazem Oil and Gas Project (United Arab Emirates),,oil and gas,United Arab Emirates,,conventional,operating,,2024,1982,2021,2024,Al Yasat Petroleum,China National Petroleum Corp [40%]; Abu Dhabi National Oil Co [60%],Abu Dhabi National Oil Co [60.0%]; China National Petroleum Corp [40.0%],,"L100000312270, L100000312276, L100000312313, L100000312317",https://www.gem.wiki/Belbazem_Oil_and_Gas_Project_(United_Arab_Emirates),,25.1310000,53.5920000,exact,project level location,offshore,,,Belbazem; Belbazem [block]
L100000312815,Benguela Belize-Lobito Tomboco Oil Project (Angola),,oil,Angola,,conventional,operating,,2022,,,,Chevron,Somoil Internacional de Petróleo do Brasil Ltda [9%]; Chevron Corp [31%]; Sonangol Pesquisa e Produção SA [20%]; Eni SpA [20%]; TotalEnergies SE [20%],Chevron Corp [31.0%]; Eni SpA [20.0%]; Sonangol EP [20.0%]; TotalEnergies SE [20.0%]; Somoil Internacional de Petróleo do Brasil Ltda [9.0%],,"L100000317042, L100000317041, L100000317043, L100000312815, L100000312776",https://www.gem.wiki/Benguela_Belize-Lobito_Tomboco_Oil_Project_(Angola),BBLT,-5.5215000,11.5233000,approximate,project level location,offshore,,,Block 14
L100001062471,Bentu Segat Block Oil and Gas Project (Indonesia),,oil and gas,Indonesia,,conventional,operating,,2024,1981,,,EMP Bentu,EMP Bentu Ltd [100%],EMP Bentu Ltd [100.0%],,L100000312855,https://www.gem.wiki/Bentu_Segat_Block_Oil_and_Gas_Project_(Indonesia),Bentu Block,0.3750000,101.7210000,approximate,project level location,onshore,"MULTIPOLYGON (((101.716667 0.556004,101.716667 0.516667,101.733333 0.516667,101.733333 0.5,101.75 0.5,101.75 0.483333,101.787092 0.483333,101.916305 0.35,101.866667 0.35,101.866667 0.333333,101.85 0.333333,101.85 0.35,101.833333 0.35,101.833333 0.3,101.7 0.3,101.7 0.283333,101.733333 0.283333,101.733333 0.266667,101.766667 0.266667,101.766667 0.25,101.783333 0.25,101.783333 0.233333,101.8 0.233333,101.8 0.216667,101.816667 0.216667,101.816667 0.266667,101.850556 0.266667,101.85 0.25,101.866667 0.25,101.866667 0.233333,101.883333 0.233333,101.883333 0.216667,101.9 0.216667,101.9 0.183333,101.916667 0.183333,101.916667 0.15,101.933333 0.15,101.933333 0.133333,101.983333 0.133333,101.983333 0.110302,101.976815 0.103047,101.958333 0.083333,101.95 0.083333,101.916667 0.083333,101.916667 0.133333,101.9 0.133333,101.9 0.166667,101.883333 0.166667,101.883333 0.183333,101.866667 0.183333,101.866667 0.2,101.85 0.2,101.85 0.216667,101.833333 0.216667,101.833333 0.183333,101.85 0.183333,101.85 0.15,101.816667 0.15,101.816667 0.116667,101.8 0.116667,101.8 0.083333,101.816667 0.083333,101.816667 0.033333,101.8 0.033333,101.8 0.016667,101.75 0.016667,101.75 0.033333,101.733333 0.033333,101.733333 0.05,101.716667 0.05,101.716667 0.066667,101.7 0.066667,101.7 0.083333,101.683333 0.083333,101.683333 0.090278,101.691989 0.098878,101.727133 0.133333,101.766667 0.133333,101.766667 0.116667,101.783333 0.116667,101.783333 0.166667,101.733333 0.166667,101.733333 0.183333,101.716667 0.183333,101.716667 0.2,101.7 0.2,101.7 0.216667,101.683333 0.216667,101.683333 0.233333,101.666667 0.233333,101.666667 0.25,101.65 0.25,101.65 0.266667,101.633333 0.266667,101.633333 0.3,101.65 0.3,101.65 0.316667,101.666667 0.316667,101.666667 0.333333,101.55 0.333333,101.55 0.366667,101.52374 0.366667,101.529109 0.372251,101.529166 0.372232,101.535861 0.379116,101.566667 0.410422,101.566667 0.383333,101.583333 0.383333,101.583333 0.366667,101.6 0.366667,101.6 0.35,101.633333 0.35,101.633333 0.366667,101.616667 0.366667,101.616667 0.4,101.6 0.4,101.6 0.416667,101.572811 0.416667,101.57656 0.420995,101.71333 0.55944,101.713333 0.559444,101.716667 0.556004)))",,Bentu; Bentu Segat
L100000323358,"Beregovoye Oil and Gas Project (Yamalo-Nenets Autonomous Okrug, Russia)",Береговое,oil and gas,Russia,Yamalo-Nenets Autonomous Okrug,conventional,operating,,2023,,,,,,,,"L100000323358, L100000312385, L100000323357","https://www.gem.wiki/Beregovoye_Oil_and_Gas_Project_(Yamalo-Nenets_Autonomous_Okrug,_Russia)",,65.8572000,78.8520000,exact,project level location,onshore,,West Siberian,Beregovoy
L100000314118,Berri Oil Project (Saudi Arabia),البري,oil,Saudi Arabia,,conventional,operating,,2024,1964,,1970,Saudi Arabian Oil,Saudi Arabian Oil Co [100%],Saudi Arabian Oil Co [100.0%],,"L100000314118, L100000317525",https://www.gem.wiki/Berri_Oil_Project_(Saudi_Arabia),,27.1145000,49.6389000,exact,project level location,offshore,,,
L100000320802,BIGST Oil and Gas Project (Malaysia),,oil and gas,Malaysia,,conventional,discovered,,2024,1970,,,Petronas Carigali,Petronas Carigali Sdn Bhd [50%]; JX Nippon [50%],ENEOS Group [50.0%]; Petroliam Nasional Bhd [50.0%],,"L100000312033, L100000320802",https://www.gem.wiki/BIGST_Oil_and_Gas_Project_(Malaysia),Bujang-Inas-Guling-Sepat-Tujoh,6.1805000,103.7261000,approximate,project level location,offshore,,,PM 313; PM340
L100000302760,BKR Oil and Gas Project (United Kingdom),,oil and gas,United Kingdom,,conventional,operating,,2019,,,,,,,,"L100000302760, L100000302176, L100000301927, L100000302084",https://www.gem.wiki/BKR_Oil_and_Gas_Project_(United_Kingdom),,59.7440000,1.6536000,approximate,project level location,offshore,,,003/29; 009/08; 009/08a
L100000320946,"Blackrod Oil Project (Alberta, Canada)",,oil,Canada,Alberta,unconventional,in-development,,2024,,2023,,International Petroleum,International Petroleum Corp [100%],International Petroleum Corp [100.0%],,L100000320946,"https://www.gem.wiki/Blackrod_Oil_Project_(Alberta,_Canada)",,55.6583000,-112.6604000,exact,project level location,onshore,,,
L100000317523,Block 1 and Block 4 Gas Project (Tanzania),,gas,Tanzania,,conventional,discovered,,2021,2010,,,Shell,Pavilion Energy [20%]; PT Medco Energi Internasional Tbk [20%]; Shell PLC [60%],Shell PLC [60.0%]; PT Medco Energi Internasional Tbk [20.0%]; Temasek [20.0%],,"L100000313140, L100000313142, L100000313143, L100000313138, L100000313136, L100000317523, L100000313139",https://www.gem.wiki/Block_1_and_Block_4_Gas_Project_(Tanzania),,-9.3408000,40.7915000,approximate,project level location,offshore,,,Block 1; Block 4
L100000318354,Block 1 Oil and Gas Project (Turkmenistan),,oil and gas,Turkmenistan,,conventional,operating,,2022,,,,Petronas Carigali,XRG PJSC [38%]; Petronas Carigali Sdn Bhd [57%]; Khazarnebit NGDU [5%],Petroliam Nasional Bhd [57.0%]; Khazarnebit NGDU [5.0%]; Abu Dhabi National Oil Co,,L100000318047,https://www.gem.wiki/Block_1_Oil_and_Gas_Project_(Turkmenistan),,39.7424,52.4446,approximate,location derived from fields,offshore,,,Block 1
L100000317477,Block 3/05 Oil and Gas Project (Angola),,oil and gas,Angola,,conventional,operating,,2022,,,,Sonangol,Etablissements Maurel & Prom SA [20%]; Somoil Internacional de Petróleo do Brasil Ltda [10%]; Sonangol EP [30%]; Afentra [24%]; Eni SpA [12%],Sonangol EP [30.0%]; Afentra [24.0%]; Etablissements Maurel & Prom SA [20.0%]; Eni SpA [12.0%]; Somoil Internacional de Petróleo do Brasil Ltda [10.0%],,,https://www.gem.wiki/Block_3/05_Oil_and_Gas_Project_(Angola),,-7.0736000,12.1176000,exact,project level location,offshore,,,Block 3
L100000324152,"Block A-18 Oil and Gas Project (Malaysia, Thailand)",,oil and gas,Malaysia,,conventional,operating,,2025,,,2005,Carigali Hess Operating Company,PTTEP Joint Development SG Pte Ltd [50%]; Petronas Carigali Sdn Bhd [50%],Petroliam Nasional Bhd [50.0%]; PTT PCL [50.0%],,"L100000317990, L100000317987, L100000317986, L100000317989","https://www.gem.wiki/Block_A-18_Oil_and_Gas_Project_(Malaysia,_Thailand)",,6.4210000,103.2733000,approximate,project level location,offshore,,,Block A-18
L100000314083,Block B Oil and Gas Project (Vietnam),,oil and gas,Vietnam,,conventional,in-development,actual,2024,2002,2024,,Vietnam Oil and Gas Group,Vietnam Oil and Gas Group Co [65%]; Mitsui & Co Ltd [25%]; Vietnam Electricity (EVN) [0%]; PTT Exploration and Production PCL [8%],Vietnam Oil and Gas Group Co [65.9%]; Mitsui & Co Ltd [25.6%]; PTT Exploration and Production PCL [8.5%]; Vietnam Electricity (EVN),,,https://www.gem.wiki/Block_B_Oil_and_Gas_Project_(Vietnam),"Vietnam Gas Project, Block B-O Mon",8.4658120,103.9263090,approximate,project level location,offshore,,Malay-Thổ Chu,Block 48/95; Block 52/97; Block B
L100001064072,Block H Gas Project (Malaysia),,gas,Malaysia,,conventional,operating,,2024,,,2021,PTTEP Sabah Oil,PTTEP Sabah Oil; Petronas Carigali Sdn Bhd; PT Pertamina Malaysia EP,Petroliam Nasional Bhd; PT Pertamina Malaysia EP; PTT PLC,,"L100001064083, L100001064085, L100001064086, L100001064104, L100000312021",https://www.gem.wiki/Block_H_Gas_Project_(Malaysia),,7.3111312,115.7866313,approximate,location derived from fields,unknown,,,Block H
L100000320342,"BM-C-33 Oil and Gas Project (Rio de Janeiro, Brazil)",BM-C-33,oil and gas,Brazil,Rio de Janeiro,conventional,in-development,,2024,2010,2023,,Equinor,Repsol SA [35%]; Petróleo Brasileiro SA [30%]; Equinor ASA [35%],Equinor ASA [35.0%]; Repsol SA [35.0%]; Petróleo Brasileiro SA [30.0%],,"L100000317625, L100000320342, L100000321192, L100000321193","https://www.gem.wiki/BM-C-33_Oil_and_Gas_Project_(Rio_de_Janeiro,_Brazil)",,-23.3356000,-40.0259000,exact,project level location,offshore,,Campos,BM-C-33
L100001080894,Boyaca (area) Oil and Gas Project (Venezuela),,oil and gas,Venezuela,,,,,,,,,,,,,,https://www.gem.wiki/Boyaca_(area)_Oil_and_Gas_Project_(Venezuela),,8.3841517,-66.4742934,exact,project level location,onshore,"MULTIPOLYGON (((-65.6805915497957 8.92337832034373,-65.7266571633752 8.96944393392325,-66.6302518912812 8.94818288150194,-66.7401006621247 8.93400884655439,-67.1936697804462 8.92337832034373,-67.3495841648692 8.88439972423798,-67.4665199531864 8.86668218055355,-67.4913245143446 8.8028990232896,-67.4771504793971 8.53004885054935,-67.3814757435012 8.41665657096898,-67.356671182343 8.37059095738946,-67.3141490775003 8.2820032389673,-67.0412989047601 7.99143552254262,-66.8216013630731 7.86032569927783,-66.6585999611763 7.76110745464501,-66.5097725942271 7.78236850706633,-66.421184875805 7.71858534980237,-66.3609452272779 7.7114983323286,-66.3396841748566 7.70795482359171,-66.2723575088557 7.62291061390644,-66.2105271566577 7.63098027861219,-66.1732724846492 7.66668267262037,-66.0951820720114 7.67251973622285,-66.019596962614 7.68220545262393,-65.953441722536 7.66188921001219,-65.8834371482034 7.68412352943619,-65.8389437347501 7.70465895103003,-65.7961616064296 7.74230722395207,-65.7585487420072 7.83197762938274,-65.6841350585326 7.87449973422537,-65.6805915497957 8.92337832034373)))",,
L100000313969,"Bozhong 26-3 Expansion Oil and Gas Project (Shandong, China)",渤中26-3扩建项目,oil and gas,China,Shandong,conventional,operating,,2024,2010,,2021,CNOOC,CNOOC Ltd [100%],CNOOC Ltd [100.0%],,,"https://www.gem.wiki/Bozhong_26-3_Expansion_Oil_and_Gas_Project_(Shandong,_China)",,38.2364510,119.1928460,exact,project level location,offshore,,Bohai Bay,
L100000321290,"Bozhong 28-2 S Adjustment Oil Project (Bohai, China)",渤中28-2南综合调整,oil,China,Bohai,conventional,operating,,2025,,,2015,CNOOC,CNOOC Ltd [100%],CNOOC Ltd [100.0%],,,"https://www.gem.wiki/Bozhong_28-2_S_Adjustment_Oil_Project_(Bohai,_China)",,38.2133010,119.5542690,exact,project level location,offshore,,,
L100000321291,"Bozhong 28-2 S Redjustment Oil Project (Bohai, China)",渤中28-2南二次调整,oil,China,Bohai,conventional,operating,,2024,,,2023,CNOOC,CNOOC Ltd [100%],CNOOC Ltd [100.0%],,,"https://www.gem.wiki/Bozhong_28-2_S_Redjustment_Oil_Project_(Bohai,_China)",,38.214267,119.552204,exact,project level location,offshore,,,
L100000321292,"Bozhong 34-1 Adjustment Oil Project (Bohai, China)",渤中34-1综合调整,oil,China,Bohai,conventional,operating,,2025,,,2015,CNOOC,CNOOC Ltd [100%],CNOOC Ltd [100.0%],,,"https://www.gem.wiki/Bozhong_34-1_Adjustment_Oil_Project_(Bohai,_China)",,38.1600000,119.5551000,exact,project level location,offshore,,,
L100000321288,"Bozhong 34-1 Oil Project (Bohai, China)",渤中34-1,oil,China,Bohai,conventional,operating,,2025,,,2007,CNOOC,CNOOC Ltd [100%],CNOOC Ltd [100.0%],,L100000321237,"https://www.gem.wiki/Bozhong_34-1_Oil_Project_(Bohai,_China)",,38.1600000,119.5551000,exact,project level location,offshore,,,
L100000321293,"Bozhong 34-2/4 Adjustment Oil Project (Bohai, China)",渤中34-2/4综合调整,oil,China,Bohai,conventional,operating,,2024,,,2015,CNOOC,CNOOC Ltd [100%],CNOOC Ltd [100.0%],,,"https://www.gem.wiki/Bozhong_34-2/4_Adjustment_Oil_Project_(Bohai,_China)",,38.1688000,119.5272000,exact,project level location,offshore,,,
L100000320350,"Browse to North West Shelf Oil and Gas Project (Western Australia, Australia)",,oil and gas,Australia,Western Australia,conventional,discovered,advanced,2025,2024,,,Woodside Energy,BP Developments Australia Pty Ltd [44%]; Woodside Browse Pty Ltd [30%]; Japan Australia LNG (MIMI) [14%]; PetroChina Co Ltd [10%],BP PLC [44.3%]; Woodside Browse Pty Ltd [30.6%]; PetroChina Co Ltd [10.7%]; Mitsubishi Corp; Mitsui & Co Ltd,,"L100000310003, L100000320350, L100000310115, L100000309990, L100001064001","https://www.gem.wiki/Browse_to_North_West_Shelf_Oil_and_Gas_Project_(Western_Australia,_Australia)",Browse to North West Shelf (NWS),-13.9900000,121.9800000,approximate,project level location,offshore,,Browse,WA-30-R; WA-31-R; WA-32-R
L100000312616,CAFC Oil and Gas Project (Algeria),,oil and gas,Algeria,,conventional,operating,,2023,,,2017,Eni,Eni SpA [75%],Eni SpA [75.0%],,"L100000312616, L100000317044, L100000317045, L100000317046, L100000317047, L100000317048, L100000317049",https://www.gem.wiki/CAFC_Oil_and_Gas_Project_(Algeria),Central Area Field Complex,26.4178000,9.0796000,approximate,project level location,onshore,,Berkine,Block 405b
L100000317484,Calub/Hilala Gas Project (Ethiopia),,gas,Ethiopia,,conventional,mothballed,,2022,1973,,,,,,,"L100000317484, L100000317482, L100000317483",https://www.gem.wiki/Calub/Hilala_Gas_Project_(Ethiopia),,6.2060000,44.1350000,approximate,project level location,onshore,,,
L100000324400,Camisea Oil and Gas Project (Peru),,oil and gas,Peru,,conventional,operating,,2024,,,,PlusPetrol; Repsol,,,,"L100000320606, L100000320602, L100000320607, L100000320603, L100000320597, L100000320599, L100000320604",https://www.gem.wiki/Camisea_Oil_and_Gas_Project_(Peru),,-11.5852946,-72.9925092,exact,project level location,onshore,,Ucayail,Block 56; Block 57; Block 88; block 56; block 57; block 58; block 88
L100000304593,"Caño Limón Oil and Gas Project (Arauca, Colombia)",Caño Limón,oil and gas,Colombia,Arauca,conventional,operating,,2024,1983,,,Sierracol Energy Arauca,SierraCol Energy [45%]; Ecopetrol SA [54%],Ecopetrol SA [54.5%]; Carlyle Group [45.0%],,"L100000302843, L100000304593, L100000302844","https://www.gem.wiki/Caño_Limón_Oil_and_Gas_Project_(Arauca,_Colombia)",,6.9550000,-71.0945000,exact,project level location,onshore,,,Cravo Norte
L100000321225,"Caofeidian 11-1/11-6 Adjustment Oil Project (Bohai, China)",曹妃甸11-1/11-6调整,oil,China,Bohai,conventional,operating,,2025,1999,,2004,CNOOC Caofeidian Operating Branch,CNOOC Ltd [100%],CNOOC Ltd [100.0%],,,"https://www.gem.wiki/Caofeidian_11-1/11-6_Adjustment_Oil_Project_(Bohai,_China)",,38.6830000,118.6500000,exact,project level location,offshore,,Bohai Bay,Bohai 04/36
L100000310791,Carabobo-1 Oil Project (Venezuela),Carabobo-1,oil,Venezuela,,conventional,operating,,2019,,,2012,Petrocarabobo,ONGC Videsh Ltd [11%]; Indian Oil Corporation Ltd [3%]; Repsol SA [11%]; Petróleos de Venezuela SA [71%]; Oil India Ltd [3%],Petróleos de Venezuela SA [71.0%]; Oil and Natural Gas Corporation Ltd [11.0%]; Repsol SA [11.0%]; Indian Oil Corporation Ltd [3.5%]; Oil India Ltd [3.5%],,L100000310791,https://www.gem.wiki/Carabobo-1_Oil_Project_(Venezuela),,8.4187000,-64.7396000,approximate,project level location,onshore,"POLYGON ((-63.3689232971724 8.61619220620542,-63.35983358755 8.61621442665448,-63.3598620259118 8.62524329534187,-63.2235879757044 8.62555695908645,-63.2235438567635 8.60751717757573,-63.15539035608 8.60767838644841,-63.1554240905493 8.58965193378975,-63.0876860784497 8.58968767554585,-63.0876658005362 8.50091752002759,-63.3361474521432 8.50078227458238,-63.3362085457877 8.57061370425907,-63.3698999842969 8.57058290967359,-63.3689232971724 8.61619220620542))",,Carabobo-1 Norte and Carabobo-1 Centro
L100000310792,Carabobo-2 Oil Project (Venezuela),Carabobo-2,oil,Venezuela,,,in-development,,2020,,2020,,Petrovictoria,Roszarubezhneft [40%]; Petróleos de Venezuela SA [60%],Petróleos de Venezuela SA [60.0%]; Roszarubezhneft [40.0%],,L100000310792,https://www.gem.wiki/Carabobo-2_Oil_Project_(Venezuela),,8.4187000,-64.7396000,approximate,project level location,onshore,,,Carabobo-2 North and Carabobo-4 West
L100001080895,Carabobo (area) Oil Project (Venezuela),,oil,Venezuela,,,,,,,,,,,,,,https://www.gem.wiki/Carabobo_(area)_Oil_Project_(Venezuela),,8.6483887,-62.7742591,exact,project level location,onshore,"MULTIPOLYGON (((-63.3231461691453 8.89221377063722,-63.2346747895613 8.89526450786426,-63.1706093077935 8.80984386550724,-62.8716370595439 8.81899607718835,-62.706897249284 8.9410255662698,-62.459787533894 8.93187335458869,-62.2462359280015 9.06610579257829,-62.1425108622823 9.08746095316755,-62.1150542272389 9.05390284367015,-62.0540394826982 9.06305505535126,-62.0631916943793 8.91051819399944,-62.0021769498386 8.88611229618315,-61.9949912586227 8.87401030380416,-62.0215638557289 8.83949344832886,-62.0549947036382 8.81392868228058,-62.0560060031634 8.76113302640382,-62.0835092503844 8.74411720576415,-62.1326722620157 8.71068635785488,-62.1897013555079 8.66152334622359,-62.2545965308613 8.59367839017241,-62.296143899297 8.59772371213868,-62.3377580448126 8.55663267566323,-62.425112179973 8.52054584338766,-62.539106701797 8.50171940557657,-62.6221188449427 8.44641446945576,-62.7094516964241 8.37939158343514,-62.7419476411614 8.40274804371505,-62.7713970910796 8.40579453853417,-62.807955028909 8.33064766632923,-62.8922413855713 8.27073326821988,-62.9775432405066 8.32557017496403,-63.0790930678106 8.30729120604931,-63.1674414175651 8.31439969396059,-63.2578207638656 8.27276426476596,-63.3380451274357 8.22909783902525,-63.3994145998212 8.20274715732701,-63.4085155709185 8.75269942639143,-63.3414505925075 8.84340197500464,-63.3658564903238 8.89526450786426,-63.3231461691453 8.89221377063722)))",,
L100000300711,Cassiopea Gas Project (Italy),,gas,Italy,,conventional,operating,,2024,2008,2018,2024,Eni,Eni SpA [60%]; Energean PLC [40%],Eni SpA [60.0%]; Energean PLC [40.0%],,L100000300711,https://www.gem.wiki/Cassiopea_Gas_Project_(Italy),Ibleo,36.9180000,13.7760000,exact,project level location,offshore,,,G.C 1.AG
L100000304754,"Castilla Oil Project (Meta, Colombia)",Castilla,oil,Colombia,Meta,conventional,operating,,2019,1969,,2000,Ecopetrol,Ecopetrol SA [100%],Ecopetrol SA [100.0%],,"L100000302867, L100000302868, L100000304754","https://www.gem.wiki/Castilla_Oil_Project_(Meta,_Colombia)",,3.8940000,-73.6660000,approximate,project level location,onshore,,Llanos Orientales Basin,Cubarral
L100000324213,Cepu Block Oil and Gas Project (Indonesia),,oil and gas,Indonesia,,conventional,operating,,2024,2001,,2008,ExxonMobil Cepu,ExxonMobil Cepu Ltd [45%]; PT Pertamina EP Cepu [45%]; Cepu Block Cooperation Body [10%],ExxonMobil Cepu Ltd [45.0%]; PT Pertamina EP Cepu [45.0%]; Cepu Block Cooperation Body [10.0%],,"L100000312824, L100001062298, L100000318177",https://www.gem.wiki/Cepu_Block_Oil_and_Gas_Project_(Indonesia),,-7.2131000,111.7147000,approximate,project level location,onshore,"MULTIPOLYGON (((111.577686 -7.061536,111.652231 -7.061878,111.652231 -7.116053,111.717719 -7.115956,111.717681 -7.087533,111.722528 -7.087531,111.722531 -7.089792,111.740636 -7.089789,111.740639 -7.103353,111.749692 -7.103353,111.749692 -7.101092,111.763269 -7.101089,111.763272 -7.103347,111.779111 -7.103344,111.779111 -7.084967,111.865683 -7.084814,111.908333 -7.108333,111.9093 -7.149078,111.8769 -7.149142,111.877 -7.171167,111.9093 -7.171106,111.908333 -7.216753,111.870608 -7.216828,111.870656 -7.237208,111.908333 -7.237178,111.908333 -7.257186,111.886114 -7.257186,111.886144 -7.274158,111.846939 -7.274233,111.846978 -7.294331,111.753481 -7.294497,111.644767 -7.251433,111.644767 -7.227889,111.635414 -7.227903,111.635392 -7.215633,111.624531 -7.215647,111.624508 -7.200797,111.520422 -7.200928,111.5155 -7.198267,111.5155 -7.182578,111.5119 -7.174614,111.4997 -7.172294,111.4772 -7.182703,111.446583 -7.170961,111.454544 -7.170953,111.455117 -7.164219,111.471917 -7.164203,111.471917 -7.158636,111.481256 -7.158628,111.481233 -7.147069,111.559161 -7.146981,111.559125 -7.100994,111.565236 -7.100994,111.577683 -7.083731,111.577683 -7.070578,111.581081 -7.070581,111.581081 -7.063797,111.577686 -7.063797,111.577686 -7.061536)),((111.313342 -7.000319,111.448964 -6.936903,111.448983 -6.960369,111.441481 -6.960378,111.441481 -6.970178,111.431011 -6.970186,111.43105 -7.007439,111.420681 -7.00745,111.420681 -7.032869,111.376261 -7.032911,111.376275 -7.050261,111.334194 -7.050294,111.334175 -7.025606,111.313358 -7.025619,111.313342 -7.000319)),((111.524461 -6.920833,111.568333 -6.920833,111.599472 -6.938006,111.599489 -6.946417,111.582944 -6.946436,111.582947 -6.952356,111.578339 -6.952306,111.578369 -6.966275,111.573014 -6.966308,111.573025 -6.969936,111.558278 -6.969969,111.558269 -6.981342,111.535928 -6.981369,111.539397 -6.967806,111.538925 -6.949939,111.524497 -6.950228,111.524461 -6.920833)))",,Cepu
L100000318182,Champion Oil and Gas Project (Brunei),,oil and gas,Brunei,,conventional,operating,,2023,1970,,1983,Brunei Shell Petroleum Company,Government of Brunei [50%]; Shell PLC [50%],Government of Brunei [50.0%]; Shell PLC [50.0%],,"L100000318182, L100000318186",https://www.gem.wiki/Champion_Oil_and_Gas_Project_(Brunei),,5.2113000,115.1577000,exact,project level location,offshore,,,
L100000321103,Chayvo Oil and Gas Project (Russia),Чайво,oil and gas,Russia,,conventional,operating,,2023,,,,,,,,"L100000312452, L100000321102, L100000321103",https://www.gem.wiki/Chayvo_Oil_and_Gas_Project_(Russia),,52.4169000,143.4683000,exact,project level location,onshore,,Okhotsk,Northern end of the Chayvo field license area
L100000318355,Cheleken Oil and Gas Project (Turkmenistan),,oil and gas,Turkmenistan,,conventional,,,,,,,Dragon Oil,Galkynyshnebit [100%],Galkynyshnebit [100.0%],,L100000318355,https://www.gem.wiki/Cheleken_Oil_and_Gas_Project_(Turkmenistan),,,,,,offshore,,,
L100000304753,"Chichimene Oil Project (Meta, Colombia)",Chichimene,oil,Colombia,Meta,conventional,operating,,2024,,,,Ecopetrol,Ecopetrol SA [100%],Ecopetrol SA [100.0%],,"L100000304753, L100000302882, L100000302883","https://www.gem.wiki/Chichimene_Oil_Project_(Meta,_Colombia)",,3.8940000,-73.6660000,approximate,project level location,onshore,,,Cubarral
L100000304817,"Cira-Infantas Oil and Gas Project (Santander, Colombia)",Cira-Infantas,oil and gas,Colombia,Santander,conventional,operating,,2023,1918,,1921,Ecopetrol,Ecopetrol SA [52%]; Sierracol Energy Arauca LLC [48%],Ecopetrol SA [52.0%]; Sierracol Energy [48.0%],,"L100000303010, L100000304817, L100000302993","https://www.gem.wiki/Cira-Infantas_Oil_and_Gas_Project_(Santander,_Colombia)",,6.9490000,-73.7700000,approximate,project level location,onshore,,Middle Magdalena,La Cira Infantas
L100000304594,"Clarinete Gas Project (Sucre, Colombia)",Clarinete,gas,Colombia,Sucre,conventional,operating,,2023,,,,CNE Oil & Gas,CNE Oil & Gas SAS [100%],Canacol Energy Ltd [100.0%],,"L100000302896, L100000302895, L100000304594","https://www.gem.wiki/Clarinete_Gas_Project_(Sucre,_Colombia)",,8.7740000,-75.2330000,approximate,project level location,onshore,,,Vim 5
L100000320351,"Clio-Acme Gas Project (Western Australia, Australia)",,gas,Australia,Western Australia,,discovered,,2023,2023,,,Chevron,Chevron Corp [100%],Chevron Corp [100.0%],,"L100000320351, L100000310167","https://www.gem.wiki/Clio-Acme_Gas_Project_(Western_Australia,_Australia)",,-20.2100000,114.8200000,exact,project level location,offshore,,Carnarvon,
L100000312814,CLOV Oil Project (Angola),,oil,Angola,,conventional,operating,,2023,,2010,2014,TotalEnergies E&P Angola,BP PLC [15%]; Exxon Mobil Corp [19%]; Sonangol Pesquisa e Produção SA [5%]; TotalEnergies SE [38%]; Equinor ASA [22%],TotalEnergies SE [38.0%]; Equinor ASA [22.2%]; Exxon Mobil Corp [19.0%]; BP PLC [15.8%]; Sonangol EP [5.0%],,"L100000317475, L100000312762, L100000312814, L100000312790, L100000312775, L100000312804",https://www.gem.wiki/CLOV_Oil_Project_(Angola),"Lirio, Violeta, Orquidea, Cravo",-7.4145000,11.5811000,exact,project level location,offshore,,,Block 17
L100000310622,"Codie-Lauren-Kenya Gas Project (Queensland, Australia)",,gas,Australia,Queensland,unconventional,operating,,2024,,,2007,QGC,BG International Ltd [11%]; Queensland Gas Co Ltd [47%]; Origin Energy Ltd [40%],Origin Energy Ltd [40.6%]; Shell PLC [11.9%],,L100000310622,"https://www.gem.wiki/Codie-Lauren-Kenya_Gas_Project_(Queensland,_Australia)",,-26.8302362,150.4042000,approximate,project level location,onshore,,Surat,PL 180
L100000309303,"Cold Lake Area - Scheme 10103Z Oil Sands Oil Project (Alberta, Canada)",,oil,Canada,Alberta,unconventional,operating,,2020,,,,Osum Production,,,,L100000309303,"https://www.gem.wiki/Cold_Lake_Area_-_Scheme_10103Z_Oil_Sands_Oil_Project_(Alberta,_Canada)",,54.5340000,-110.3940000,exact,project level location,onshore,,,
L100000309588,"Cold Lake Area - Scheme 11477R Oil Sands Oil Project (Alberta, Canada)",,oil,Canada,Alberta,unconventional,operating,,2020,,,,Canadian Natural Resources,,,,L100000309588,"https://www.gem.wiki/Cold_Lake_Area_-_Scheme_11477R_Oil_Sands_Oil_Project_(Alberta,_Canada)",,54.6520000,-111.0490000,exact,project level location,onshore,,,
L100000309607,"Cold Lake Area - Scheme 4746QQ Oil Sands Oil Project (Alberta, Canada)",,oil,Canada,Alberta,unconventional,operating,,2020,,,,Canadian Natural Resources,,,,L100000309607,"https://www.gem.wiki/Cold_Lake_Area_-_Scheme_4746QQ_Oil_Sands_Oil_Project_(Alberta,_Canada)",,53.7180000,-110.6450000,exact,project level location,onshore,,,
L100000309490,"Cold Lake Area - Scheme 6410W Oil Sands Oil Project (Alberta, Canada)",,oil,Canada,Alberta,unconventional,operating,,2020,,,,Cona Resources,,,,L100000309490,"https://www.gem.wiki/Cold_Lake_Area_-_Scheme_6410W_Oil_Sands_Oil_Project_(Alberta,_Canada)",,54.0560000,-110.5840000,exact,project level location,onshore,,,
L100000309610,"Cold Lake Area - Scheme 7936TT Oil Sands Oil Project (Alberta, Canada)",,oil,Canada,Alberta,unconventional,operating,,2020,,,,Canadian Natural Resources,,,,L100000309610,"https://www.gem.wiki/Cold_Lake_Area_-_Scheme_7936TT_Oil_Sands_Oil_Project_(Alberta,_Canada)",,54.4770000,-110.8790000,exact,project level location,onshore,,,
L100000309612,"Cold Lake Area - Scheme 8042P Oil Sands Oil Project (Alberta, Canada)",,oil,Canada,Alberta,unconventional,operating,,2020,,,,Canadian Natural Resources,,,,L100000309612,"https://www.gem.wiki/Cold_Lake_Area_-_Scheme_8042P_Oil_Sands_Oil_Project_(Alberta,_Canada)",,54.3790000,-111.1430000,exact,project level location,onshore,,,
L100000309524,"Cold Lake Area - Scheme 8558UU Oil Sands Oil Project (Alberta, Canada)",,oil,Canada,Alberta,unconventional,operating,,2020,,,,Imperial Oil Resources,,,,L100000309524,"https://www.gem.wiki/Cold_Lake_Area_-_Scheme_8558UU_Oil_Sands_Oil_Project_(Alberta,_Canada)",,54.6620000,-110.4230000,exact,project level location,onshore,,,
L100000309538,"Cold Lake Area - Scheme 8908T Oil Sands Oil Project (Alberta, Canada)",,oil,Canada,Alberta,unconventional,operating,,2020,,,,Canadian Natural Resources,,,,L100000309538,"https://www.gem.wiki/Cold_Lake_Area_-_Scheme_8908T_Oil_Sands_Oil_Project_(Alberta,_Canada)",,54.1870000,-110.5140000,exact,project level location,onshore,,,
L100000309544,"Cold Lake Area - Scheme 9140XX Oil Sands Oil Project (Alberta, Canada)",,oil,Canada,Alberta,unconventional,operating,,2020,,,,Canadian Natural Resources Limited (¹),,,,L100000309544,"https://www.gem.wiki/Cold_Lake_Area_-_Scheme_9140XX_Oil_Sands_Oil_Project_(Alberta,_Canada)",,54.7920000,-110.6100000,exact,project level location,onshore,,,
L100000309556,"Cold Lake Area - Scheme 9415HH Oil Sands Oil Project (Alberta, Canada)",,oil,Canada,Alberta,unconventional,operating,,2020,,,,Canadian Natural Resources,,,,L100000309556,"https://www.gem.wiki/Cold_Lake_Area_-_Scheme_9415HH_Oil_Sands_Oil_Project_(Alberta,_Canada)",,53.7780000,-110.3980000,exact,project level location,onshore,,,
L100000309577,"Cold Lake Area - Scheme 9835Z Oil Sands Oil Project (Alberta, Canada)",,oil,Canada,Alberta,unconventional,operating,,2020,,,,Husky Oil Operations,,,,L100000309577,"https://www.gem.wiki/Cold_Lake_Area_-_Scheme_9835Z_Oil_Sands_Oil_Project_(Alberta,_Canada)",,54.5640000,-110.5630000,exact,project level location,onshore,,,
L100000318404,Colibri Gas Project (Trinidad and Tobago),,gas,Trinidad and Tobago,,conventional,operating,,2022,,2020,2022,Shell TT,Shell TT [90%]; Heritage Petroleum Co Ltd [10%],Shell PLC [90.0%]; Heritage Petroleum Co Ltd [10.0%],,"L100000318404, L100000310910",https://www.gem.wiki/Colibri_Gas_Project_(Trinidad_and_Tobago),,11.4939000,-60.6380000,approximate,project level location,offshore,,Columbus,Block 22
L100000313121,Coral/Coral South Gas Project (Mozambique),,gas,Mozambique,,conventional,operating,,2022,2012,,2022,Eni,Exxon Mobil Corp [0%]; Empresa Nacional de Hidrocarbonetos EP [10%]; China National Petroleum Corp [0%]; Korea Gas Corp [10%]; Eni SpA [0%],Empresa Nacional de Hidrocarbonetos EP [10.0%]; Korea Gas Corp [10.0%]; China National Petroleum Corp; Eni SpA; Exxon Mobil Corp,,,https://www.gem.wiki/Coral/Coral_South_Gas_Project_(Mozambique),,-11.1804000,41.3188000,approximate,project level location,offshore,,Rovuma,Area 4
L100000324214,Corridor Block Oil and Gas Project (Indonesia),,oil and gas,Indonesia,,conventional,operating,,2024,,,1998,Medco E&P Grissik,PT Pertamina Hulu Energi Corridor [30%]; Medco E&P Grissik Ltd [70%],Medco E&P Grissik Ltd [70.0%]; PT Pertamina Hulu Energi Corridor [30.0%],,"L100000312861, L100000312830, L100000312863",https://www.gem.wiki/Corridor_Block_Oil_and_Gas_Project_(Indonesia),,-2.5190000,103.3880000,approximate,project level location,onshore,"MULTIPOLYGON (((103.595931 -2.238607,103.683333 -2.29,103.683333 -2.3,103.699949 -2.3,103.699998 -2.333359,103.756667 -2.333333,103.783333 -2.35,103.783333 -2.433333,103.733333 -2.433333,103.733333 -2.416667,103.7 -2.416667,103.7 -2.45,103.766667 -2.45,103.766667 -2.466667,103.783333 -2.466667,103.783333 -2.533333,103.816667 -2.533333,103.816667 -2.566667,103.866667 -2.566667,103.866667 -2.533333,103.9 -2.533333,103.9 -2.566667,103.916667 -2.566667,103.916667 -2.583333,103.983333 -2.583333,103.983333 -2.516667,104.05 -2.516667,104.05 -2.533333,104.1 -2.533333,104.1 -2.5,104.133333 -2.5,104.133333 -2.483333,104.15 -2.483333,104.15 -2.466667,104.2 -2.466667,104.2 -2.483333,104.216667 -2.483333,104.25 -2.483333,104.25 -2.55,104.2 -2.55,104.2 -2.583333,104.183333 -2.583333,104.183333 -2.616667,104.233333 -2.616667,104.233333 -2.65,104.233333 -2.666667,104.216667 -2.666667,104.216667 -2.683333,104.133333 -2.715079,104.133333 -2.7,104.1 -2.7,104.1 -2.716667,104.066667 -2.716667,104.066667 -2.7,104.033333 -2.7,104.033333 -2.716667,104.0 -2.716667,104.0 -2.683333,103.833333 -2.683333,103.833333 -2.633333,103.8 -2.633333,103.8 -2.616667,103.783333 -2.616667,103.783333 -2.566667,103.683333 -2.566667,103.683333 -2.55,103.666667 -2.55,103.666667 -2.516667,103.633333 -2.516667,103.633333 -2.5,103.616667 -2.5,103.616667 -2.466667,103.566667 -2.466667,103.566667 -2.45,103.55 -2.45,103.55 -2.416667,103.516667 -2.416667,103.516667 -2.4,103.483333 -2.4,103.483333 -2.383333,103.45 -2.383333,103.45 -2.366667,103.416667 -2.366667,103.416667 -2.383333,103.371667 -2.383333,103.366667 -2.38,103.366667 -2.366667,103.351714 -2.366667,103.35 -2.364977,103.35 -2.331667,103.433333 -2.3,103.433333 -2.316667,103.416667 -2.316667,103.416667 -2.333333,103.45 -2.333333,103.45 -2.316667,103.466667 -2.316667,103.466667 -2.286667,103.595931 -2.238607),(104.088889 -2.575,104.088889 -2.580556,104.091667 -2.580556,104.091667 -2.586111,104.094444 -2.586111,104.094444 -2.591667,104.097222 -2.591667,104.097222 -2.597222,104.1 -2.597222,104.1 -2.602778,104.102778 -2.602778,104.102778 -2.608333,104.105556 -2.608333,104.105556 -2.616667,104.108333 -2.616667,104.108333 -2.625,104.111111 -2.625,104.111111 -2.633333,104.113889 -2.633333,104.115 -2.635556,104.132222 -2.653889,104.147778 -2.67,104.15 -2.672222,104.15 -2.675,104.152778 -2.675,104.152778 -2.677778,104.155556 -2.677778,104.155556 -2.680556,104.161111 -2.680556,104.161111 -2.683333,104.163889 -2.683333,104.163889 -2.686111,104.166667 -2.686111,104.166664 -2.689106,104.174582 -2.689092,104.184884 -2.671889,104.152133 -2.65019,104.159595 -2.621295,104.159594 -2.600496,104.152778 -2.597222,104.147903 -2.594896,104.145378 -2.59601,104.132358 -2.585479,104.1 -2.577482,104.1 -2.575,104.088889 -2.575),(103.886111 -2.622222,103.886111 -2.633333,103.883333 -2.633333,103.883333 -2.644444,103.880561 -2.644444,103.880556 -2.655556,103.914409 -2.655551,103.91441 -2.653604,103.900591 -2.627128,103.9 -2.627127,103.9 -2.625,103.894444 -2.625,103.894444 -2.622222,103.886111 -2.622222)),((103.333333 -2.483333,103.366667 -2.483333,103.366667 -2.5,103.416667 -2.5,103.416667 -2.533333,103.433333 -2.533333,103.433333 -2.583333,103.45 -2.583333,103.45 -2.6,103.466667 -2.6,103.466667 -2.616667,103.483333 -2.616667,103.483333 -2.633333,103.536667 -2.716667,103.503333 -2.716667,103.466667 -2.663333,103.466667 -2.633333,103.445 -2.633333,103.433333 -2.616667,103.383333 -2.616667,103.3 -2.5,103.333333 -2.5,103.333333 -2.483333)),((103.616667 -2.733333,103.616667 -2.788278,103.604167 -2.825556,103.633333 -2.863194,103.633333 -2.907956,103.603362 -2.919861,103.566675 -2.872218,103.566667 -2.817917,103.571111 -2.809722,103.566667 -2.803611,103.566667 -2.75,103.583333 -2.75,103.583333 -2.716667,103.6 -2.716667,103.6 -2.733333,103.616667 -2.733333)),((104.083361 -2.048689,104.083323 -2.116667,104.016667 -2.116667,104.016667 -2.074444,104.083361 -2.048689)),((103.916667 -2.283333,103.95 -2.283333,103.95 -2.3,103.966667 -2.3,103.966667 -2.316667,103.983333 -2.316667,103.983333 -2.331911,103.976389 -2.33,103.981089 -2.333333,103.953472 -2.333333,103.95 -2.329639,103.95 -2.316667,103.933333 -2.316667,103.933333 -2.3,103.916667 -2.3,103.916667 -2.283333)))",,Corridor
L100000305178,Cruces Manueles Oil Project (Venezuela),Cruces Manueles,oil,Venezuela,,,operating,,2016,1916,,,,,,,L100000305178,https://www.gem.wiki/Cruces_Manueles_Oil_Project_(Venezuela),,8.8100000,-72.5010000,exact,project level location,onshore,"MULTIPOLYGON (((-72.5019535429282 8.87150189991294,-72.465571828425 8.91697904304198,-72.4504127807153 8.868470090371,-72.4564763997991 8.80783389953227,-72.5201444001798 8.71991142281612,-72.5413670669734 8.72597504189999,-72.5625897337669 8.77751580411291,-72.5019535429282 8.87150189991294)))",Maracaibo,
L100000304755,"Cusiana Oil and Gas Project (Casanare, Colombia)",Cusiana,oil and gas,Colombia,Casanare,conventional,operating,,2024,1989,,,Ecopetrol,Ecopetrol SA [100%],Ecopetrol SA [100.0%],,"L100000304755, L100000303243, L100000302940","https://www.gem.wiki/Cusiana_Oil_and_Gas_Project_(Casanare,_Colombia)",,4.9280000,-72.7260000,approximate,project level location,onshore,,,Río Chitamena; Tauramena
L100000324167,Cypre Gas Project (Trinidad and Tobago),,gas,Trinidad and Tobago,,conventional,operating,ramp up,2025,,,2025,BP Trinidad & Tobago,BP Trinidad & Tobago LLC [100%],BP PLC [70.0%]; Repsol SA [30.0%],,L100000310918,https://www.gem.wiki/Cypre_Gas_Project_(Trinidad_and_Tobago),,10.0310000,-60.2898000,approximate,project level location,offshore,,Columbus,East Mayaro; East Mayaro Block
L100000310829,"Dagang Oil Project (Tianjin, China)",大港,oil,China,Tianjin,conventional,operating,,2025,1963,,1965,PetroChina Dagang Oilfield,PetroChina Dagang Oilfield Co [100%],PetroChina Co Ltd [100.0%],,L100000310829,"https://www.gem.wiki/Dagang_Oil_Project_(Tianjin,_China)",,38.4469000,117.2911000,exact,project level location,onshore,,Bohai Bay,
L100000312764,Dalia-Camelia Oil Project (Angola),,oil,Angola,,conventional,operating,,2024,1997,2003,2006,Total E&P Angola,TotalEnergies SE [33%]; Other [10%]; Azule Energy Holdings Ltd [15%]; Equinor ASA [22%]; Esso Exploration Angola (block 17) Ltd [19%],TotalEnergies SE [33.0%]; Equinor ASA [22.2%]; Exxon Mobil Corp [19.0%]; Other [10.0%]; BP PLC; Eni SpA,,L100000312764,https://www.gem.wiki/Dalia-Camelia_Oil_Project_(Angola),,-7.6818000,11.7542000,exact,project level location,offshore,,,Block 17
L100000310820,"Daqing Oil and Gas Project (Heilongjiang, China)",大庆,oil and gas,China,Heilongjiang,mixed,operating,,2025,1959,,1962,Daqing Oilfield,PetroChina Co Ltd [100%],PetroChina Co Ltd [100.0%],,"L100000321362, L100000321368, L100000321369, L100000320820, L100000321279, L100000321360, L100000321361, L100000310878, L100000321366, L100000321367, L100000321359, L100000310820, L100000320804, L100000320816, L100000321268, L100000321358, L100000321357, L100000319169, L100000319170","https://www.gem.wiki/Daqing_Oil_and_Gas_Project_(Heilongjiang,_China)",,46.8365000,124.7186000,approximate,project level location,onshore,,Songliao,
L100000321180,"Dongfang 13-3 Gas Project (Hainan, China)",东方13-3,gas,China,Hainan,conventional,operating,ramp up,2025,,,2025,CNOOC,CNOOC Ltd [100%],CNOOC Ltd [100.0%],,"L100000321135, L100000321180, L100000321131, L100000321136","https://www.gem.wiki/Dongfang_13-3_Gas_Project_(Hainan,_China)",,18.6586000,107.6452000,exact,project level location,offshore,,Yinggehai,Block 16/08
L100000311975,Eastern Fields Oil and Gas Project (Iraq),,oil and gas,Iraq,,conventional,in-development,,2018,1927,,,,,,,"L100000311975, L100000317054, L100000317055, L100000317057, L100000317056",https://www.gem.wiki/Eastern_Fields_Oil_and_Gas_Project_(Iraq),,34.5060000,44.9700000,approximate,project level location,onshore,,,
L100000312755,East Hub Oil Project (Angola),,oil,Angola,,conventional,operating,,2022,,,,Azule Energy Holdings,Other [15%]; Eni SpA [35%]; SSI Fifteen Ltd [20%]; Sonangol Pesquisa e Produção SA [15%]; TotalEnergies SE [15%],Eni SpA [35.0%]; Other [15.0%]; Sonangol EP [15.0%]; TotalEnergies SE [15.0%]; Sinopec Corp [11.0%]; Dayuan [6.3%]; CS control [2.7%],,"L100000312757, L100000312756, L100000317053, L100000312755",https://www.gem.wiki/East_Hub_Oil_Project_(Angola),,-6.2720000,11.2208000,approximate,project level location,offshore,,,Block 15/06
L100000313119,Eban/Akoma Oil and Gas Project (Ghana),,oil and gas,Ghana,,conventional,in-development,,2022,2021,2022,,Eni,Vitol [34%]; Eni SpA [42%]; Woodfields Energy Resources Ltd [9%]; Ghana National Petroleum Co [10%]; GNPC Explorco [4%],Eni SpA [42.5%]; Vitol Holding II SA [34.0%]; Ghana National Petroleum Co [10.0%]; Woodfields Energy Resources Ltd [9.6%]; Ghana National Petroleum Corp [4.0%],,"L100000317059, L100000317058, L100000313119",https://www.gem.wiki/Eban/Akoma_Oil_and_Gas_Project_(Ghana),,,,,,unknown,,,CTP Block 4
L100000311032,Ebendo/Obodeti Oil and Gas Project (Nigeria),,oil and gas,Nigeria,,conventional,operating,,2015,,,,Enegia,Oando Production and Development Ltd [45%]; Enegia Ltd [55%],Enegia Ltd [55.0%]; Oando PLC [45.0%],,"L100000311032, L100000317060, L100000317061",https://www.gem.wiki/Ebendo/Obodeti_Oil_and_Gas_Project_(Nigeria),,,,,,onshore,,,OML 152; PML 23
L100000301998,Elgin-Franklin Oil and Gas Project (United Kingdom),,oil and gas,United Kingdom,,conventional,operating,,2020,1986,1997,2001,TotalEnergies,Harbour Energy PLC [19%]; Ithaca Energy (UK) Ltd [21%]; TotalEnergies SE [25%]; other [22%]; EF Oil & Gas Ltd [10%],TotalEnergies SE [25.7%]; other [22.9%]; Harbour Energy PLC [19.3%]; EF Oil & Gas Ltd [10.4%]; Ithaca Energy PLC,,"L100000301997, L100000302247, L100000301998, L100000302018",https://www.gem.wiki/Elgin-Franklin_Oil_and_Gas_Project_(United_Kingdom),,56.9747000,1.8542000,exact,project level location,offshore,,,022/30c; 029/04b
L100000320846,"Enping 15-1 Oil Project (Guangdong, China)",恩平15-1,oil,China,Guangdong,conventional,operating,,2025,,,2024,CNOOC,CNOOC Ltd [100%],CNOOC Ltd [100.0%],,"L100000321221, L100000321223, L100000321220, L100000320846, L100000321222, L100000321219, L100000321224","https://www.gem.wiki/Enping_15-1_Oil_Project_(Guangdong,_China)",,20.5885120,113.4759090,exact,project level location,offshore,,Zhujiangkou,
L100000310818,"Equus Gas Oil and Gas Project (Western Australia, Australia)",,oil and gas,Australia,Western Australia,conventional,discovered,,2025,2008,,,Equus Energy,Equus Energy Ltd Co [100%],Equus Energy Ltd Co [100.0%],,"L100000310194, L100000310818, L100000310186, L100000317062","https://www.gem.wiki/Equus_Gas_Oil_and_Gas_Project_(Western_Australia,_Australia)",,-13.9887830,121.9757470,exact,project level location,offshore,,Northern Carnarvon,WA-390-P; WA-70R
L100000319158,Etinde Oil and Gas Project (Cameroon),,oil and gas,Cameroon,,conventional,discovered,,2024,1967,,,New Age,Bowleven [25%]; LUKOIL PJSC [37%]; New Age [37%],LUKOIL PJSC [37.5%]; Bowleven [25.0%]; Hopu [18.4%]; Kerogen Capital [10.9%],,L100000319158,https://www.gem.wiki/Etinde_Oil_and_Gas_Project_(Cameroon),Isongo,4.0258000,8.5806000,approximate,project level location,offshore,,Rio del Rey,Etinde
L100000312288,Fateh/Fateh Southwest/Falah Oil and Gas Project (United Arab Emirates),,oil and gas,United Arab Emirates,,conventional,operating,,2023,,,1976,Dubai Petroleum Establishment,Dubai Petroleum Establishment [100%],Dubai Petroleum Establishment [100.0%],,"L100000312277, L100000312278, L100000312288, L100000312279",https://www.gem.wiki/Fateh/Fateh_Southwest/Falah_Oil_and_Gas_Project_(United_Arab_Emirates),,25.5530000,54.3340000,approximate,project level location,offshore,,,
L100001064342,Gabar Oil Project (Türkiye),,oil,Türkiye,,conventional,operating,,2025,,,,Türkiye Petrolleri Anonim Ortakligi,Türkiye Petrolleri Anonim Ortakligi [100%],Türkiye Petrolleri Anonim Ortakligi [100.0%],,"L100000320697, L100000320696",https://www.gem.wiki/Gabar_Oil_Project_(Türkiye),,37.4375000,42.1290000,exact,project level location,onshore,,,
L100000318288,Galkynysh Oil and Gas Project (Turkmenistan),Galkynyş,oil and gas,Turkmenistan,,conventional,operating,,2022,2006,,2013,Turkmengas State Concern,Galkynyshnebit [100%],Galkynyshnebit [100.0%],,"L100000318347, L100000318288, L100001062717",https://www.gem.wiki/Galkynysh_Oil_and_Gas_Project_(Turkmenistan),"South Yoloten, South Ýolöten – Osman, Lolotan",37.1162000,62.3585000,exact,project level location,onshore,,,
L100000312618,Gassi El Agreb Oil Project (Algeria),,oil,Algeria,,conventional,operating,,2021,1959,,1960,SonaHess,Hess Corp [49%]; Sonatrach SpA [51%],Sonatrach SpA [51.0%]; Hess Corp [49.0%],,"L100000317063, L100000312618, L100000317064, L100000317065",https://www.gem.wiki/Gassi_El_Agreb_Oil_Project_(Algeria),,30.8840000,5.1430000,approximate,project level location,onshore,,,
L100000317414,Gbaran-Ubie Phase 2 Gas Project (Nigeria),,gas,Nigeria,,conventional,mothballed,,2024,,,2017,The Shell Petroleum Development Company of Nigeria,NNPC Ltd [55%]; The Shell Petroleum Development Company of Nigeria Ltd [30%]; TotalEnergies EP Nigeria Ltd [10%]; Nigerian Agip Oil Company Ltd [5%],NNPC Ltd [55.0%]; TotalEnergies SE [10.0%]; Oando PLC [5.0%]; Aradel Holdings PLC; First Exploration & Petroleum Development Co Ltd; ND Western Ltd; Petrolin Group; Waltersmith Petroman Oil Ltd,,,https://www.gem.wiki/Gbaran-Ubie_Phase_2_Gas_Project_(Nigeria),,4.9091000,6.2877000,approximate,project level location,onshore,,,OML 28
L100000300746,Gela Oil and Gas Project (Italy),,oil and gas,Italy,,conventional,operating,,2020,1956,,1957,Eni,,,,"L100000304592, L100000304590, L100000304591, L100000300746",https://www.gem.wiki/Gela_Oil_and_Gas_Project_(Italy),,37.0320000,14.2696000,exact,project level location,offshore,,,C.C 1.AG; Gela‐Agip
L100000314112,Ghawar Oil and Gas Project (Saudi Arabia),الغوار,oil and gas,Saudi Arabia,,mixed,operating,,2024,1948,,1951,Saudi Arabian Oil,Saudi Arabian Oil Co [100%],Saudi Arabian Oil Co [100.0%],,"L100000314112, L100000320686, L100000319627, L100000319108, L100000319113",https://www.gem.wiki/Ghawar_Oil_and_Gas_Project_(Saudi_Arabia),,25.2130000,49.2558000,exact,project level location,onshore,,,
L100000317478,GirRI Oil Project (Angola),,oil,Angola,,conventional,operating,,2023,,,2011,TotalEnergies E&P Angola,TotalEnergies E&P Angola [33%]; other [10%]; Azule Energy Holdings Ltd [15%]; Esso SA [19%]; Equinor ASA [22%],TotalEnergies SE [33.0%]; Equinor ASA [22.2%]; Esso SA [19.0%]; other [10.0%]; BP PLC; Eni SpA,,L100000317478,https://www.gem.wiki/GirRI_Oil_Project_(Angola),"Girassol/Rosa/Jasmim Resource Initiative, Girassol Resources",-7.6654000,11.7062000,approximate,project level location,offshore,,,Block 17
L100000313977,GK-28/42 Gas Project (India),,gas,India,,conventional,discovered,,2024,2009,,,Oil and Natural Gas Corporation,Oil and Natural Gas Corporation Ltd [100%],Oil and Natural Gas Corporation Ltd [100.0%],,L100000313977,https://www.gem.wiki/GK-28/42_Gas_Project_(India),,22.5960000,69.6189000,approximate,project level location,offshore,,,
L100000314055,"Glenaras Gas Project (Queensland, Australia)",,gas,Australia,Queensland,unconventional,discovered,,2023,2023,,,Galilee Energy,Galilee Energy [100%],Galilee Energy [100.0%],,L100000314055,"https://www.gem.wiki/Glenaras_Gas_Project_(Queensland,_Australia)",,-23.1000000,144.7200000,exact,project level location,onshore,,Galilee,
L100000312874,GMB Tanjung Enim Block Gas Project (Indonesia),,gas,Indonesia,,unconventional,in-development,,2025,,2021,,Dart Energy (Tanjung Enim),PT Pertamina Hulu Energi Metra Enim [27%]; Dart Energy (Tanjung Enim) Pte Ltd [45%]; PT Bukit Asam Metana Enim [27%],Dart Energy (Tanjung Enim) Pte Ltd [45.0%]; PT Bukit Asam Metana Enim [27.5%]; PT Pertamina Hulu Energi Metra Enim [27.5%],,,https://www.gem.wiki/GMB_Tanjung_Enim_Block_Gas_Project_(Indonesia),,-3.7413000,103.9212000,approximate,project level location,onshore,"MULTIPOLYGON (((103.9252 -3.7687,103.925167 -3.876956,103.8755 -3.876956,103.8755 -3.948006,103.86511 -3.948006,103.865112 -3.946908,103.865652 -3.946909,103.865658 -3.942132,103.865097 -3.942152,103.865101 -3.939774,103.863896 -3.939772,103.863898 -3.938395,103.862901 -3.938394,103.862904 -3.936162,103.861429 -3.93616,103.861431 -3.93495,103.860496 -3.934949,103.860498 -3.933655,103.857984 -3.933652,103.857986 -3.932275,103.856076 -3.932231,103.856071 -3.935235,103.856902 -3.935236,103.856899 -3.937572,103.858041 -3.937595,103.858038 -3.939764,103.859596 -3.939766,103.859593 -3.942082,103.860736 -3.942083,103.860733 -3.944044,103.861688 -3.944046,103.861686 -3.94586,103.862226 -3.945861,103.862223 -3.948006,103.817017 -3.948006,103.817016 -3.908743,103.827496 -3.908758,103.827493 -3.911105,103.830168 -3.911109,103.830161 -3.922922,103.832437 -3.922922,103.832437 -3.92564,103.841875 -3.92564,103.841875 -3.922788,103.843513 -3.922788,103.84351 -3.924568,103.846272 -3.924572,103.846269 -3.926929,103.848117 -3.926932,103.848116 -3.927787,103.854555 -3.927796,103.854567 -3.919076,103.851638 -3.919072,103.851642 -3.916397,103.849097 -3.916393,103.8491 -3.913812,103.847014 -3.913809,103.847016 -3.91214,103.843319 -3.912135,103.843321 -3.910487,103.84087 -3.910483,103.840874 -3.907938,103.831881 -3.907926,103.831882 -3.906987,103.830823 -3.906986,103.830824 -3.906005,103.829412 -3.906003,103.829413 -3.905002,103.82744 -3.904999,103.827442 -3.903184,103.825926 -3.903182,103.825929 -3.901388,103.824682 -3.901386,103.824687 -3.898153,103.823067 -3.89813,103.823071 -3.895043,103.821638 -3.895041,103.82164 -3.89381,103.820581 -3.893808,103.820583 -3.891973,103.818859 -3.89197,103.818863 -3.889717,103.817741 -3.889716,103.817742 -3.888986,103.817015 -3.888985,103.817014 -3.869699,103.818298 -3.869701,103.818301 -3.867531,103.819132 -3.867533,103.819152 -3.86043,103.817969 -3.860428,103.817978 -3.853899,103.816513 -3.853886,103.816516 -3.851758,103.815852 -3.851758,103.815854 -3.850485,103.815085 -3.850484,103.815087 -3.849024,103.814215 -3.849023,103.814217 -3.847562,103.812909 -3.84756,103.812913 -3.84416,103.808573 -3.844154,103.808567 -3.848577,103.807341 -3.848596,103.80733 -3.856731,103.806333 -3.85673,103.80633 -3.859011,103.8 -3.859011,103.8 -3.822778,103.848056 -3.822778,103.848006 -3.802729,103.854984 -3.802738,103.854978 -3.807258,103.860475 -3.807266,103.860472 -3.809557,103.864011 -3.809562,103.864007 -3.812852,103.866702 -3.812855,103.866702 -3.813598,103.867612 -3.8136,103.86761 -3.81513,103.869353 -3.815132,103.869351 -3.817083,103.872086 -3.817087,103.872081 -3.82076,103.873467 -3.820756,103.873458 -3.823931,103.876567 -3.823935,103.876563 -3.827248,103.87861 -3.827251,103.878606 -3.830121,103.880244 -3.830123,103.880241 -3.832303,103.88261 -3.832307,103.882605 -3.83606,103.886933 -3.836066,103.886931 -3.837711,103.902116 -3.837731,103.902116 -3.837257,103.904161 -3.83726,103.904162 -3.835816,103.908198 -3.835821,103.908203 -3.831636,103.910072 -3.831638,103.910081 -3.824059,103.907976 -3.824057,103.90798 -3.820708,103.905991 -3.820705,103.905994 -3.818321,103.901256 -3.818315,103.901261 -3.81548,103.898766 -3.815477,103.898769 -3.81274,103.896515 -3.812737,103.896516 -3.811865,103.893291 -3.811861,103.893296 -3.808188,103.88951 -3.808183,103.889516 -3.803667,103.885907 -3.803663,103.885913 -3.799266,103.881535 -3.79926,103.881541 -3.79516,103.879115 -3.795157,103.879121 -3.790433,103.877343 -3.79043,103.877347 -3.786787,103.879256 -3.786789,103.879267 -3.777799,103.877354 -3.777797,103.877357 -3.774351,103.87616 -3.774349,103.876163 -3.772365,103.872571 -3.77236,103.872575 -3.769609,103.870974 -3.769607,103.870965 -3.768011,103.867414 -3.768007,103.867417 -3.765942,103.865018 -3.765938,103.865017 -3.763336,103.862691 -3.763333,103.862692 -3.762457,103.86128 -3.762455,103.861282 -3.760794,103.859824 -3.760792,103.859826 -3.759614,103.85723 -3.759602,103.857231 -3.758714,103.855091 -3.758711,103.855093 -3.756888,103.85273 -3.756884,103.852732 -3.754986,103.850559 -3.754983,103.850564 -3.750702,103.848176 -3.750698,103.848179 -3.748279,103.846435 -3.748276,103.846439 -3.745231,103.844611 -3.745228,103.844605 -3.74261,103.841884 -3.742607,103.841887 -3.740622,103.83898 -3.740619,103.838982 -3.738556,103.830904 -3.738545,103.830904 -3.739108,103.82417 -3.739106,103.82417 -3.736055,103.82037 -3.736055,103.82037 -3.734204,103.814933 -3.734204,103.814933 -3.731477,103.814408 -3.731477,103.814408 -3.7282,103.813939 -3.7282,103.813939 -3.726548,103.812421 -3.726548,103.812421 -3.727567,103.810241 -3.727567,103.810241 -3.727869,103.808971 -3.727869,103.808971 -3.728558,103.808006 -3.728558,103.808006 -3.729164,103.807509 -3.729164,103.807509 -3.733708,103.80795 -3.733708,103.80795 -3.736434,103.809247 -3.736434,103.809247 -3.737054,103.812697 -3.737054,103.812697 -3.747629,103.814067 -3.747629,103.81406 -3.752804,103.81298 -3.752802,103.812979 -3.753762,103.811895 -3.753761,103.811892 -3.755658,103.811107 -3.755657,103.811104 -3.758182,103.81164 -3.758181,103.811641 -3.759997,103.812846 -3.759999,103.812844 -3.761209,103.814256 -3.761211,103.814254 -3.762692,103.816144 -3.762695,103.816143 -3.763675,103.818884 -3.763679,103.818882 -3.764617,103.821395 -3.764642,103.821394 -3.765685,103.827436 -3.765693,103.827436 -3.766591,103.830417 -3.766591,103.830417 -3.773861,103.834299 -3.773861,103.834299 -3.778872,103.832983 -3.778872,103.832983 -3.784623,103.839854 -3.784623,103.839854 -3.776687,103.836185 -3.776687,103.836185 -3.76995,103.839835 -3.769954,103.839841 -3.772979,103.843962 -3.772985,103.843957 -3.776685,103.847695 -3.77669,103.84769 -3.781071,103.849225 -3.781073,103.849221 -3.783879,103.850178 -3.78388,103.850169 -3.79049,103.840507 -3.790477,103.840508 -3.789622,103.839346 -3.78962,103.839347 -3.788724,103.837187 -3.788721,103.837167 -3.788157,103.834903 -3.788154,103.834904 -3.787466,103.831371 -3.787461,103.831371 -3.787878,103.827968 -3.787874,103.827967 -3.788646,103.82643 -3.788643,103.826428 -3.789645,103.82593 -3.789644,103.825927 -3.791626,103.824391 -3.791624,103.824397 -3.8003,103.8011 -3.8003,103.801083 -3.773556,103.782079 -3.773556,103.782075 -3.743123,103.784752 -3.743126,103.784774 -3.726851,103.78207 -3.726849,103.782053 -3.675,103.801083 -3.675,103.801083 -3.709064,103.921833 -3.709061,103.921833 -3.742883,103.888333 -3.742883,103.8883 -3.7687,103.9252 -3.7687)),((103.7568 -3.7903,103.7568 -3.8041,103.7437 -3.8039,103.7437 -3.80805,103.737292 -3.80805,103.737292 -3.7903,103.7568 -3.7903)))",,GMB Tanjung Enim
L100000313123,Golfinho/Atum Oil and Gas Project (Mozambique),,oil and gas,Mozambique,,conventional,in-development,,2025,2012,2019,,TotalEnergies,TotalEnergies SE [26%]; ENH Rovuma Área Um SA [15%]; ONGC Videsh Rovuma Ltd [10%]; Other [28%]; Mitsui E&P Mozambique Area1 Ltd [20%],Other [28.5%]; TotalEnergies SE [26.5%]; Mitsui & Co Ltd [20.0%]; Empresa Nacional de Hidrocarbonetos de Mozambique [15.0%]; Oil and Natural Gas Corporation (ONGC) [10.0%],,,https://www.gem.wiki/Golfinho/Atum_Oil_and_Gas_Project_(Mozambique),,-10.5096000,40.8103000,approximate,project level location,offshore,,Rovuma,Area 1
L100000313066,"Gorgon Oil and Gas Project (Western Australia, Australia)",,oil and gas,Australia,Western Australia,conventional,operating,,2025,,2009,2016,Chevron Australia,JERA Co Inc [0%]; MidOcean Energy LLC [1%]; Shell PLC [25%]; Exxon Mobil Corp [25%]; Osaka Gas Co Ltd [1%]; Chevron Corp [47%],Chevron Corp [47.3%]; Exxon Mobil Corp [25.0%]; Shell PLC [25.0%]; Osaka Gas Co Ltd [1.2%]; Saudi Arabian Oil Co [0.5%]; Chubu Electric Power Co Inc [0.2%]; Tokyo Electric Power Co [0.2%]; EIG Global Energy Partners LLC; Mitsubishi Corp; unknown,,"L100000310109, L100000310011, L100000313066","https://www.gem.wiki/Gorgon_Oil_and_Gas_Project_(Western_Australia,_Australia)",,-20.4072000,114.8503000,exact,project level location,offshore,,Northern Carnarvon,WA-36-L; WA-37-L; WA-38-L; WA-39-L; WA-40-L
L100000310908,Greater Angostura Gas Project (Trinidad and Tobago),Angostura,gas,Trinidad and Tobago,,conventional,operating,,2025,1999,,2005,Perenco,Perenco T&T [45%]; Chaoyang Petroleum (Trinidad) Ltd [25%]; National Gas Company of Trinidad and Tobago Ltd [30%],Perenco SA [45.0%]; National Gas Company of Trinidad and Tobago Ltd [30.0%]; China Petrochemical Corp [12.5%]; CNOOC Ltd [12.5%],,"L100000310920, L100000310914, L100000318409",https://www.gem.wiki/Greater_Angostura_Gas_Project_(Trinidad_and_Tobago),,10.7055986,-60.5898812,exact,project level location,offshore,"MULTIPOLYGON (((-60.5958275685005 10.7211925419258,-60.594762059031 10.7216187457136,-60.5800580283524 10.7335524517716,-60.566845710931 10.7365358782861,-60.5610919597959 10.7354703688166,-60.560878857902 10.7197008286686,-60.5659933033554 10.7071278169289,-60.5800580283524 10.6945548051892,-60.5964668741821 10.6785721631472,-60.6069088669829 10.6743101252694,-60.6162853503142 10.6766542461022,-60.6196949806165 10.6834735067068,-60.6173508597836 10.6960465184465,-60.6062695613012 10.7133077718518,-60.5958275685005 10.7211925419258)))",,Block 2C; Block 3A
L100000312421,Greater Burgan Oil and Gas Project (Kuwait),,oil and gas,Kuwait,,conventional,operating,,2021,1938,,1946,Kuwait Oil Company,Kuwait Oil Company Ltd [100%],Kuwait Oil Company Ltd [100.0%],,"L100000312421, L100000312389, L100000312390, L100000312392, L100000312393, L100000312419",https://www.gem.wiki/Greater_Burgan_Oil_and_Gas_Project_(Kuwait),,29.0784000,47.9814000,exact,project level location,onshore,,,
L100000304970,"Greater Chandmari Oil and Gas Project (Assam, India)",,oil and gas,India,Assam,conventional,operating,,2024,,,2003,Oil India,Oil India Ltd [100%],Oil India Ltd [100.0%],,L100000304970,"https://www.gem.wiki/Greater_Chandmari_Oil_and_Gas_Project_(Assam,_India)",,27.3244000,94.9688000,approximate,project level location,onshore,,,Greater Chandmari Field
L100000310108,"Greater Enfield Oil and Gas Project (Western Australia, Australia)",,oil and gas,Australia,Western Australia,,operating,,2019,,,,Woodside Energy,Woodside Energy Ltd [60%]; Mitsui E&P Australia [40%],Woodside Energy Group Ltd [60.0%]; Mitsui & Co Ltd [40.0%],,"L100000317068, L100000310118, L100000317069, L100000310108","https://www.gem.wiki/Greater_Enfield_Oil_and_Gas_Project_(Western_Australia,_Australia)",,-21.5356000,113.8463000,approximate,project level location,offshore,,Northern Carnarvon,
L100000304969,"Greater Hapjan Oil and Gas Project (Assam, India)",,oil and gas,India,Assam,conventional,operating,,2024,1987,,1993,Oil India,Oil India Ltd [100%],Oil India Ltd [100.0%],,L100000304969,"https://www.gem.wiki/Greater_Hapjan_Oil_and_Gas_Project_(Assam,_India)",,27.4280000,95.4720000,exact,project level location,onshore,,,Greater Hapjan Field
L100000312794,Greater Plutonio Oil and Gas Project (Angola),,oil and gas,Angola,,conventional,operating,,2024,1999,2004,2007,Azule Energy Holdings,BP PLC [46%]; Sonangol Pesquisa e Produção SA [16%]; Sinopec International [37%],BP PLC [46.0%]; SINOPEC [37.7%]; Sonangol EP [16.3%],,"L100000317073, L100000317072, L100000317071, L100000317074, L100000312794, L100000312792, L100000317070",https://www.gem.wiki/Greater_Plutonio_Oil_and_Gas_Project_(Angola),,-7.9437000,12.1458000,exact,project level location,offshore,,,Block 18
L100000312998,"Greater Point McIntyre Area Oil and Gas Project (Alaska, United States)",,oil and gas,United States,Alaska,,operating,,2021,,,,Hilcorp North Slope,Hilcorp Alaska LLC [26%]; Chevron Corp [1%]; ConocoPhillips Corp [36%]; Exxon Mobil Corp [36%],Exxon Mobil Corp [36.4%]; ConocoPhillips Corp [36.1%]; Chevron Corp [1.1%]; Hilcorp Energy Co,,"L100000312998, L100000317078, L100000317075, L100000317076, L100000317077, L100000317079","https://www.gem.wiki/Greater_Point_McIntyre_Area_Oil_and_Gas_Project_(Alaska,_United_States)",,70.2602000,-148.7902000,approximate,project level location,onshore,,,
L100000317445,Greater Silah & Satellites Oil Project (Egypt),,oil,Egypt,,conventional,operating,,2020,,,,Petrosilah,Pharos Energy PLC [100%],Pharos Energy PLC [100.0%],,L100000317445,https://www.gem.wiki/Greater_Silah_&_Satellites_Oil_Project_(Egypt),,29.3650000,30.9671000,approximate,project level location,onshore,,,
L100000320404,"Greater Sunrise Gas Project (Northern Territory, Australia)",,gas,Australia,Northern Territory,conventional,discovered,,2023,1974,,,Woodside Energy,Timor GAP EP [56%]; Osaka Gas Co Ltd [10%]; Woodside Energy Ltd [33%],Woodside Energy Group Ltd [33.4%]; Osaka Gas Co Ltd [10.0%]; Government of Timor-Leste; Timor GAP EP,,L100000320404,"https://www.gem.wiki/Greater_Sunrise_Gas_Project_(Northern_Territory,_Australia,_Timor-Leste,_Indonesia)",,-9.5500000,128.1900000,exact,project level location,offshore,,,JPDA 03-19; NT/RL 2; NT/RL 4
L100000313150,"Greater Tortue Ahmeyim Gas Project (Senegal, Mauritania)",,gas,Senegal,,conventional,operating,,2025,2014,2018,2025,BP,Société Mauritanienne Des Hydrocarbures et de Patrimoine Minier [7%]; Societé des Petroles du Sénégal (Petrosen) [10%]; Kosmos Energy Ltd [27%]; BP PLC [56%],BP PLC [56.0%]; Kosmos Energy Ltd [27.0%]; Societé des Petroles du Sénégal (Petrosen) [10.0%]; Société Mauritanienne Des Hydrocarbures et de Patrimoine Minier [7.0%],,"L100000313152, L100000313151, L100000313150","https://www.gem.wiki/Greater_Tortue_Ahmeyim_Gas_Project_(Senegal,_Mauritania)",,15.9670000,-17.6620000,approximate,project level location,offshore,,,C-8 (Mauritania); C-8 block; Saint Louis Offshore Profond block; Saint-Louis Profond (Senegal)
L100000317175,"Greater Western Flank Phase 1 Oil and Gas Project (Western Australia, Australia)",,oil and gas,Australia,Western Australia,,operating,,2018,,,2015,Woodside Energy,Other [33%]; BP Developments Australia Pty Ltd [16%]; Chevron Australia Pty Ltd [16%]; BHP Billiton Petroleum [16%]; Woodside Energy Ltd [16%],Other [33.3%]; BHP Group Ltd [16.7%]; BP PLC [16.7%]; Chevron Corp [16.7%]; Woodside Energy Group Ltd [16.7%],,,"https://www.gem.wiki/Greater_Western_Flank_Phase_1_Oil_and_Gas_Project_(Western_Australia,_Australia)",,-19.7867000,115.7811000,approximate,project level location,offshore,,,
L100000317176,"Greater Western Flank Phase 2 Oil and Gas Project (Western Australia, Australia)",,oil and gas,Australia,Western Australia,conventional,operating,,2019,,,2018,Woodside Energy,Other [33%]; BP Developments Australia Pty Ltd [16%]; Chevron Australia Pty Ltd [16%]; BHP Billiton Petroleum [16%]; Woodside Energy Ltd [16%],Other [33.3%]; BHP Group Ltd [16.7%]; BP PLC [16.7%]; Chevron Corp [16.7%]; Woodside Energy Group Ltd [16.7%],,L100000310178,"https://www.gem.wiki/Greater_Western_Flank_Phase_2_Oil_and_Gas_Project_(Western_Australia,_Australia)",,-19.7867000,115.7811000,approximate,project level location,offshore,,Northern Carnarvon,
L100000314053,"Greater Western Flank Phase 3 Gas Project (Western Australia, Australia)",,gas,Australia,Western Australia,,operating,,2023,,2020,,Woodside Energy,Other; BP PLC; Woodside Energy Ltd; Chevron Corp; BHP Billiton,BHP Billiton; BP PLC; Chevron Corp; Other; Woodside Energy Group Ltd,,"L100000310078, L100000317080","https://www.gem.wiki/Greater_Western_Flank_Phase_3_Gas_Project_(Western_Australia,_Australia)",,-19.6461000,116.0219000,exact,project level location,offshore,,Northern Carnarvon,
L100000313893,Great Nooros Area Gas Project (Egypt),,gas,Egypt,,conventional,operating,,2020,,,2016,Petrobel,Eni SpA [75%]; BP PLC [25%],Eni SpA [75.0%]; BP PLC [25.0%],,"L100000311931, L100000311616, L100000313893, L100000317446",https://www.gem.wiki/Great_Nooros_Area_Gas_Project_(Egypt),,31.6023000,31.2383000,exact,project level location,offshore,,,Abu Madi West
L100000324254,"Gumusut-Kakap Geronggong-Jagus East Oil Project (Malaysia, Brunei)",,oil,Malaysia,,conventional,operating,,2025,,,,Sabah Shell Petroleum Company,Petronas Carigali Sdn Bhd; PT Pertamina Malaysia EP [2%]; ConocoPhillips Sabah [29%]; Shell PLC [37%]; Brunei Shell Petroleum Company Sdn Bhd; Canam Brunei Oil Ltd; Petronas Carigali Brunei Ltd; PTTEP Sabah Oil [7%],Shell PLC [37.9%]; ConocoPhillips Corp [29.5%]; PTT PLC [7.2%]; PT Pertamina Malaysia EP [2.7%]; Canam Brunei Oil Ltd; Government of Brunei; Petroliam Nasional Bhd; Petronas Carigali Brunei Ltd; Shell PLC,,"L100000311925, L100000313927","https://www.gem.wiki/Gumusut-Kakap_Geronggong-Jagus_East_Oil_Project_(Malaysia,_Brunei)",GKGJE,6.0101581,114.0957274,exact,project level location,offshore,,,Block CA1; Block J
L100000318245,Hail and Ghasha Oil and Gas Project (United Arab Emirates),,oil and gas,United Arab Emirates,,conventional,in-development,,2025,,2023,,Abu Dhabi National Oil,LUKOIL PJSC [5%]; OMV AG [5%]; PTT Exploration and Production PCL [10%]; Eni SpA [10%]; Abu Dhabi National Oil Co [70%],Abu Dhabi National Oil Co [70.0%]; Eni SpA [10.0%]; PTT Exploration and Production PCL [10.0%]; LUKOIL PJSC [5.0%]; OMV AG [5.0%],,"L100000318245, L100000312280",https://www.gem.wiki/Hail_and_Ghasha_Oil_and_Gas_Project_(United_Arab_Emirates),Ghasha Mega-Project,24.2930000,53.2833000,approximate,project level location,offshore,,,Ghasha
L100000313071,"Halladale/Black Watch/Speculant Gas Project (Victoria, Australia)",,gas,Australia,Victoria,,operating,,2019,2005,,2016,Beach Energy,Beach Energy Ltd [60%]; O.G. Energy Holdings Ltd [40%],Beach Energy Ltd [60.0%]; O.G. Energy Holdings Ltd [40.0%],,"L100000313071, L100000317081, L100000317083, L100000317082","https://www.gem.wiki/Halladale/Black_Watch/Speculant_Gas_Project_(Victoria,_Australia)",,,,,,unknown,"MULTIPOLYGON (((142.68978689777 -38.5635475417318,142.69249523012 -38.5624200417999,142.692498003944 -38.561428375828,142.6939424469 -38.5608669868917,142.699889674415 -38.5608783760875,142.702953277209 -38.5608836534413,142.705294940745 -38.5617367096117,142.708356322094 -38.5625919878246,142.714484078372 -38.5633117103222,142.718270183427 -38.5634586547194,142.720611847628 -38.5634644889881,142.723856287862 -38.5641756002488,142.726197952267 -38.5646058784643,142.728536836104 -38.5657422677707,142.732500720225 -38.5668811563141,142.735922665057 -38.5677339348212,142.737906276289 -38.5683033801733,142.739342107415 -38.5701450467971,142.742945166311 -38.5711422706421,142.743845166628 -38.5721339371029,142.743480997871 -38.5735506044715,142.740594881864 -38.5736867149159,142.738614601496 -38.5731172703742,142.736089319863 -38.5733978249278,142.735005981749 -38.5743867138817,142.733558754541 -38.5753728247167,142.732478195994 -38.575514491484,142.732475415419 -38.576786713656,142.731750686651 -38.5782006026469,142.729228462173 -38.5773478239882,142.727244850996 -38.5767783796974,142.725625684011 -38.5763506014631,142.724545131561 -38.5755006012503,142.722922908881 -38.5753561560426,142.720219852184 -38.5750672676914,142.718959021237 -38.5745006004835,142.717156245281 -38.5739311552098,142.716078192014 -38.5733617110221,142.715000700076 -38.5719450437468,142.713017092213 -38.5719422665874,142.709592098824 -38.5717950432969,142.707431274635 -38.5712228210611,142.705811566908 -38.5700894878056,142.704011586302 -38.5686700425007,142.701669931226 -38.5682422652588,142.699867441706 -38.5678117090748,142.697348009028 -38.5666755979753,142.694825791875 -38.5658228198693,142.692667463171 -38.5649669867285,142.69158412762 -38.5648255977283,142.689964677109 -38.5641144867287,142.68978689777 -38.5635475417318)))",,
L100000300528,Hankensbüttel Oil and Gas Project (Germany),,oil and gas,Germany,,conventional,operating,,2024,1954,,1954,Wintershall Dea; ExxonMobil Production Deutschland,,,,,https://www.gem.wiki/Hankensbüttel_Oil_and_Gas_Project_(Germany),,52.7093303,10.6088867,exact,project level location,onshore,"MULTIPOLYGON (((10.5919368938365 52.6900069828672,10.5908822585926 52.690260560809,10.5911481412474 52.6910710105368,10.59161182591 52.691902745268,10.5925211512348 52.691986297594,10.593791042459 52.6922325875331,10.5960079287136 52.6925139993364,10.5971801294602 52.6922420329266,10.5981960006321 52.6920056815672,10.6024967810827 52.6921630870296,10.6042620604157 52.6919476733678,10.6049928063644 52.6914589447447,10.6042698602992 52.6910856643264,10.6021440290613 52.6911383608199,10.5994983308774 52.6909825599495,10.5971747050851 52.6910138947036,10.5973358093168 52.6900301124551,10.5989128619028 52.6900567314295,10.600371768461 52.6900849247596,10.6029526119694 52.6895472712851,10.6038400804756 52.6887630992328,10.6049959776084 52.6883225296798,10.6053687194571 52.6877428787709,10.6050693609101 52.68710050447,10.6057815785279 52.6861092441714,10.6050560839077 52.6856641771942,10.6054288015884 52.6850845260497,10.6057726688147 52.6847925660408,10.60688651085 52.6840113325685,10.6069274874662 52.6829812791549,10.6014157168664 52.6841572064263,10.5986759113253 52.6846490886153,10.5960961735314 52.6852105774746,10.5956227611753 52.6851930103489,10.5947433588801 52.6848457204518,10.5937843438822 52.68447555304,10.5928882359533 52.6847509587156,10.5926369723454 52.6854247050923,10.5929835510334 52.6871577961097,10.5925267215905 52.6872401424221,10.5925415801483 52.6878248516541,10.5924720044623 52.6882686789824,10.5922758811783 52.6887697849605,10.5920229211748 52.6896728631115,10.5919368938365 52.6900069828672)),((10.5995236320242 52.7069342539694,10.5979411737741 52.7066063813407,10.596550902244 52.7063138720986,10.5960426656468 52.7064284537235,10.5990744673933 52.7084944632286,10.6008343319645 52.7102663380453,10.6023430800949 52.7127119481939,10.6023527856388 52.7140525502201,10.6017853471325 52.7136292688074,10.6002704766107 52.7120935180618,10.5990954254272 52.7112235322903,10.5982285879078 52.7112352219211,10.5976935770016 52.7116973256436,10.5977530904156 52.7122471819551,10.5992556089917 52.7145253220188,10.5985463243103 52.7145348881129,10.5934254501966 52.7146517102637,10.590344901652 52.7145015416751,10.5898906978434 52.7171890967033,10.5892141642828 52.7191853217175,10.5906602310654 52.7199176954901,10.5914264379534 52.7203862456583,10.5932321626478 52.7212478332838,10.5959934470955 52.722359892258,10.5987644999566 52.7237351137368,10.6012510596551 52.724874698123,10.6016810555365 52.7236957492594,10.603646430721 52.7235255328858,10.6066847214029 52.7235801648482,10.6090853679223 52.7234518419386,10.6112884445926 52.731401046003,10.6114192124253 52.7322067303305,10.6139606747998 52.732674938594,10.6164986506842 52.733047373893,10.6184338245063 52.7331167421454,10.6194122545055 52.7329118496482,10.6187850035304 52.7308853739589,10.6177693931169 52.7279544100732,10.6212943154453 52.7283611544111,10.6206059653495 52.7268143553251,10.6202658005908 52.7261486375821,10.6203968428611 52.7254285966195,10.6205690674544 52.7247558748442,10.624117767096 52.7258086347042,10.6238045235652 52.7248073734376,10.6234664082999 52.7231360844462,10.6227001339193 52.7216143058419,10.6221685939357 52.7200414265133,10.6214210187345 52.7190653894779,10.6213815637095 52.7179572923935,10.6219085676826 52.7179632337609,10.6249541021083 52.7186050845442,10.6230190544853 52.7142741957885,10.6221865379925 52.7117085435653,10.6219033697498 52.7104609175956,10.6217687712 52.7092540906655,10.621435593891 52.7081657015896,10.6212630520483 52.7073192048935,10.6209017496059 52.7060791737323,10.6204744760996 52.7041217907109,10.62014020883 52.7025462035596,10.6199356646547 52.7012800845653,10.6198842666646 52.6998921637153,10.6197987994702 52.6986483592964,10.6197589285109 52.6975715235236,10.6197218486027 52.6968271092393,10.6199031520275 52.6961450154919,10.620158881626 52.6945374202934,10.6204584079768 52.6930489330266,10.6189905406878 52.6927816906096,10.6193661501296 52.6921413028934,10.6177972795298 52.6923264984224,10.6159526167071 52.6924202968861,10.6115006766774 52.6926911968316,10.6072630360271 52.6928483615094,10.6050079494973 52.6928660063705,10.6051063652433 52.6925801264058,10.6047460879386 52.69258500841,10.6028423341637 52.6925499499125,10.6007931453993 52.6923708105223,10.6003954443322 52.6923603294153,10.59750280773 52.692445977388,10.5974060550833 52.6933823395285,10.5976459668812 52.6939293793295,10.5981668218638 52.6950296014651,10.5991479333568 52.6964891002482,10.6005364825489 52.6973946158766,10.6008888203184 52.6977183751061,10.603111462174 52.6992606852875,10.6031404019723 52.7000503711699,10.6033978030007 52.7006214910871,10.6038571950529 52.701108251712,10.6037051238469 52.7018768690531,10.6036477914304 52.7024981872818,10.603803998091 52.7029341019945,10.6039064019472 52.703541089872,10.6039651921815 52.7040513350065,10.6038700445454 52.7047340002486,10.6037380014877 52.7055023461414,10.6035307495836 52.7064055472612,10.6034743168323 52.7070511908704,10.6035517246165 52.7073445649312,10.6008636449237 52.7070833250879,10.5995757335812 52.7069578162253,10.5995236320242 52.7069342539694)))",,
L100000320788,Hassi Bir Rekaiz Oil and Gas Project (Algeria),,oil and gas,Algeria,,conventional,operating,,2024,1996,2019,2022,PTT Exploration and Production,PTT Exploration and Production PCL [49%]; Sonatrach SpA [51%],Sonatrach SpA [51.0%]; PTT Exploration and Production PCL [49.0%],,"L100000312613, L100000320788",https://www.gem.wiki/Hassi_Bir_Rekaiz_Oil_and_Gas_Project_(Algeria),,32.0830000,4.9546000,approximate,project level location,onshore,,Berkine,
L100000304952,"Heera & Neelam Oil and Gas Project (Mumbai, India)",,oil and gas,India,Mumbai,conventional,operating,,2025,1977,,,Oil and Natural Gas Corporation,Oil and Natural Gas Corporation Ltd [100%],Oil and Natural Gas Corporation Ltd [100.0%],,"L100001062417, L100000304952","https://www.gem.wiki/Heera_&_Neelam_Oil_and_Gas_Project_(Mumbai,_India)",Heera and Neelam,18.5925000,72.2952000,exact,project level location,offshore,,Mumbai Offshore,Heera & Neelam
L100000320810,"Huabei Oil Project (Hebei, China)",华北,oil,China,Hebei,conventional,operating,,2025,1975,,1975,PetroChina Huabei Oilfeld,PetroChina Co Ltd [100%],PetroChina Co Ltd [100.0%],,"L100000321385, L100000321383, L100000321387, L100000310830, L100000320810, L100000321386, L100000320809","https://www.gem.wiki/Huabei_Oil_Project_(Hebei,_China)",,38.5917290,116.0296350,exact,project level location,onshore,,Bohai Bay,Bayan
L100000317620,"Hugoton Oil and Gas Project (Oklahoma-Texas-Kansas, United States)",,oil and gas,United States,Oklahoma-Texas-Kansas,,operating,,2022,1922,,1928,,,,TX RRC: 1000148164,L100000317620,"https://www.gem.wiki/Hugoton_Oil_and_Gas_Project_(Oklahoma-Texas-Kansas,_United_States)",,37.6342000,-101.1837000,exact,project level location,onshore,,,
L100000319538,"Icewine West Oil Project (Alaska, United States)",,oil,United States,Alaska,unconventional,discovered,,2022,2020,,,88 Energy,88 Energy [75%],88 Energy [75.2%],,,"https://www.gem.wiki/Icewine_West_Oil_Project_(Alaska,_United_States)",,69.8956000,-149.7600000,approximate,project level location,onshore,,,North Slope
L100000324533,"Ichthys LNG Gas Project (Western Australia, Australia)",,gas,Australia,Western Australia,conventional,operating,,2025,,2012,2018,INPEX,TotalEnergies SE [26%]; CPC Corporation Taiwan [2%]; INPEX Corp [67%]; Toho Gas Co Ltd [0%]; Kansai Electric Power Co [1%]; Osaka Gas Co Ltd [1%]; JERA Co Inc [0%],INPEX Corp [67.8%]; TotalEnergies SE [26.0%]; Kansai Electric Power Co [1.2%]; Osaka Gas Co Ltd [1.2%]; Toho Gas Co Ltd [0.4%]; Chubu Electric Power Co Inc [0.4%]; Tokyo Electric Power Co [0.4%]; CPC Corporation Taiwan; Ministry of Economic Affairs ROC (Taiwan),,L100000310006,"https://www.gem.wiki/Ichthys_LNG_Gas_Project_(Western_Australia,_Australia)",,-13.9123,123.2592,approximate,location derived from fields,offshore,,Browse,WA-50-L
L100000312653,In Amenas Oil and Gas Project (Algeria),عين أمناس,oil and gas,Algeria,,conventional,operating,,2024,,,2006,In Amenas Gas Consortium,Eni SpA [46%]; Sonatrach SpA [8%]; Equinor ASA [45%],Eni SpA [46.0%]; Equinor ASA [45.9%]; Sonatrach SpA [8.1%],,L100000312653,https://www.gem.wiki/In_Amenas_Oil_and_Gas_Project_(Algeria),,28.0331000,9.4627000,exact,project level location,onshore,,Illizi,240b; 241; Block 233
L100000312654,In Salah Gas Project (Algeria),,gas,Algeria,,conventional,operating,,2022,,,2004,Groupement In Salah Gas,Groupement In Salah Gas [100%],Sonatrach SpA [35.0%]; Eni SpA [33.2%]; Equinor ASA [31.8%],,L100000312680,https://www.gem.wiki/In_Salah_Gas_Project_(Algeria),,27.8979000,2.4138000,exact,project level location,onshore,,,
L100000324217,Jabung Block Oil and Gas Project (Indonesia),,oil and gas,Indonesia,,conventional,operating,,2024,1995,,1997,PetroChina International Jabung,PT Pertamina Hulu Energi Jabung [28%]; PT GPI Jabung Indonesia [14%]; PetroChina International Jabung Ltd [30%]; Petronas Carigali (Jabung) Ltd [20%]; PT Raharja Energi Tanjung Jabung [8%],PetroChina International Jabung Ltd [30.0%]; PT Pertamina Hulu Energi Jabung [28.0%]; Petronas Carigali (Jabung) Ltd [20.0%]; PT GPI Jabung Indonesia [14.0%]; PT Raharja Energi Tanjung Jabung [8.0%],,"L100000312826, L100000312834, L100000312885",https://www.gem.wiki/Jabung_Block_Oil_and_Gas_Project_(Indonesia),,-1.1241500,103.5768000,approximate,project level location,onshore,"MULTIPOLYGON (((103.811944 -1.2075,103.811944 -1.242778,103.768333 -1.242778,103.768333 -1.294167,103.798889 -1.294167,103.798889 -1.273056,103.828056 -1.273056,103.828056 -1.384167,103.871667 -1.384167,103.871667 -1.378611,103.923056 -1.378611,103.923056 -1.419444,103.880278 -1.419444,103.880278 -1.451944,103.923056 -1.451944,103.923056 -1.431944,103.965556 -1.431944,103.965556 -1.5,103.860278 -1.5,103.860278 -1.476111,103.833056 -1.476111,103.833056 -1.429167,103.871667 -1.429167,103.871667 -1.39,103.818056 -1.39,103.818056 -1.341667,103.753056 -1.341667,103.753056 -1.293056,103.727778 -1.293056,103.727778 -1.279167,103.684444 -1.279167,103.684444 -1.296111,103.624167 -1.296111,103.624167 -1.223056,103.6 -1.223056,103.6 -1.181111,103.558611 -1.181111,103.558611 -1.1525,103.508889 -1.1525,103.508889 -1.166111,103.514444 -1.166111,103.514444 -1.183611,103.5225 -1.183611,103.5225 -1.203056,103.526111 -1.203056,103.526111 -1.223611,103.529444 -1.223611,103.529444 -1.248611,103.558889 -1.248611,103.558889 -1.333056,103.5 -1.333056,103.5 -1.25,103.389444 -1.25,103.389444 -1.216944,103.364167 -1.216944,103.364167 -1.226667,103.281389 -1.226667,103.281389 -1.191667,103.293889 -1.191667,103.293889 -1.143611,103.349167 -1.143611,103.349167 -1.116944,103.333889 -1.116944,103.333889 -1.09,103.314167 -1.09,103.314167 -1.103333,103.272778 -1.103333,103.272778 -1.0825,103.2025 -1.0825,103.2025 -1.093889,103.232222 -1.093889,103.232222 -1.15,103.175 -1.15,103.175 -1.141111,103.163056 -1.141111,103.163056 -1.118611,103.143056 -1.118611,103.143056 -1.042778,103.163611 -1.042778,103.163611 -1.026389,103.174167 -1.026389,103.174167 -1.012778,103.200556 -1.012778,103.200556 -1.046111,103.1925 -1.046111,103.1925 -1.077222,103.211667 -1.077222,103.211667 -1.056389,103.221111 -1.056389,103.221111 -1.033333,103.240278 -1.033333,103.240278 -1.023889,103.255833 -1.023889,103.255833 -0.975278,103.211667 -0.975278,103.211667 -0.916667,103.198056 -0.916667,103.198056 -0.880833,103.180278 -0.880833,103.180278 -0.896389,103.168056 -0.896389,103.168056 -0.916389,103.145 -0.916389,103.145 -0.866667,103.131389 -0.866667,103.131389 -0.851944,103.107222 -0.851944,103.107222 -0.861667,103.098056 -0.861667,103.098056 -0.82,103.109444 -0.82,103.109444 -0.803333,103.117222 -0.803333,103.117222 -0.779167,103.136111 -0.779167,103.136111 -0.767222,103.168611 -0.767222,103.168611 -0.798056,103.179167 -0.798056,103.179167 -0.841667,103.186944 -0.841667,103.186944 -0.853056,103.195556 -0.853056,103.195556 -0.873611,103.238889 -0.873611,103.238889 -0.894444,103.283056 -0.894444,103.283056 -0.958056,103.260556 -0.958056,103.260556 -1.0125,103.331389 -1.0125,103.331389 -1.023611,103.338056 -1.023611,103.338056 -1.051389,103.3475 -1.051389,103.3475 -0.994444,103.393056 -0.994444,103.393056 -1.028889,103.461667 -1.028889,103.461667 -1.046667,103.4675 -1.046667,103.4675 -1.075556,103.474167 -1.075556,103.474167 -1.0875,103.483056 -1.0875,103.483056 -1.113056,103.492778 -1.113056,103.492778 -1.126667,103.498056 -1.126667,103.498056 -1.146667,103.553056 -1.146667,103.553056 -1.128056,103.541111 -1.128056,103.541111 -1.081389,103.491667 -1.081389,103.491667 -1.029167,103.532222 -1.029167,103.532222 -1.05,103.540556 -1.05,103.540556 -1.07,103.571944 -1.07,103.571944 -1.095556,103.590278 -1.095556,103.590278 -1.123056,103.619444 -1.123056,103.619444 -1.131389,103.642778 -1.131389,103.642778 -1.163611,103.625556 -1.163611,103.625556 -1.194167,103.633889 -1.194167,103.633889 -1.206944,103.643889 -1.206944,103.643889 -1.215,103.651111 -1.215,103.651111 -1.221944,103.661111 -1.221944,103.661111 -1.233056,103.667778 -1.233056,103.667778 -1.247778,103.673611 -1.247778,103.673611 -1.259444,103.678889 -1.259444,103.678889 -1.275,103.696944 -1.275,103.696944 -1.209167,103.676667 -1.209167,103.676667 -1.158889,103.694167 -1.158889,103.694167 -1.129444,103.663056 -1.129444,103.663056 -1.060278,103.728056 -1.060278,103.728056 -1.0925,103.714167 -1.0925,103.714167 -1.110556,103.701667 -1.110556,103.701667 -1.158056,103.739167 -1.158056,103.739167 -1.183056,103.755278 -1.183056,103.755278 -1.201111,103.823056 -1.201111,103.823056 -1.083056,103.983056 -1.083056,103.983056 -1.121667,103.962778 -1.121667,103.962778 -1.107778,103.950556 -1.107778,103.950556 -1.088056,103.904167 -1.088056,103.904167 -1.106389,103.921111 -1.106389,103.921111 -1.137778,103.896111 -1.137778,103.896111 -1.145,103.885 -1.145,103.885 -1.088056,103.858889 -1.088056,103.858889 -1.199167,103.89 -1.199167,103.89 -1.184167,103.921944 -1.184167,103.921944 -1.199167,103.966667 -1.199167,103.966667 -1.275556,103.983056 -1.275556,103.983056 -1.301389,103.953056 -1.301389,103.953056 -1.241944,103.89 -1.241944,103.89 -1.2075,103.811944 -1.2075)))",,Jabung
L100000312908,Jambi Merang Block Oil and Gas Project (Indonesia),,oil and gas,Indonesia,,conventional,operating,,2024,2001,,,PT Pertamina Hulu Energi Jambi Merang,PT Pertamina Hulu Energi Jambi Merang [100%],PT Pertamina Hulu Energi Jambi Merang [100.0%],,"L100001062748, L100000312852",https://www.gem.wiki/Jambi_Merang_Block_Oil_and_Gas_Project_(Indonesia),,-1.9740000,104.0810000,approximate,project level location,onshore,"MULTIPOLYGON (((104.05 -2,104.05 -1.88333,104.087 -1.88333,104.087 -1.8,103.981 -1.8,104.035 -1.73333,104.083 -1.73333,104.083 -1.75,104.183 -1.75,104.183 -1.78333,104.233 -1.78333,104.233 -1.81667,104.3 -1.81667,104.3 -1.83333,104.332 -1.83333,104.383 -1.8625,104.383 -1.88333,104.417 -1.88333,104.417 -1.9209,104.317 -1.95924,104.317 -1.91667,104.267 -1.91667,104.267 -1.88333,104.25 -1.88333,104.25 -1.86667,104.183 -1.86667,104.183 -1.9,104.167 -1.9,104.167 -1.98333,104.117 -1.98333,104.117 -2.01667,104.081 -2.01667,104.081 -2.04946,104.01 -2.07691,104.01 -2.03333,103.983 -2.03333,103.983 -2.06667,103.933 -2.06667,103.933 -2.1,103.85 -2.1,103.85 -2.11667,103.75 -2.11667,103.75 -2.1,103.733 -2.1,103.733 -2.08333,103.7 -2.08333,103.7 -2.01667,103.833 -2.01667,103.833 -1.98333,103.883 -1.98333,103.883 -2,104.01 -2,104.05 -2)),((103.633 -1.91667,103.633 -1.95,103.6 -1.95,103.6 -1.91667,103.633 -1.91667)))",South Sumatra,Jambi Merang
L100000302759,J-Area Oil Project (United Kingdom),,oil,United Kingdom,,conventional,operating,,2024,,,,,,,,"L100000302078, L100000302081, L100000302079, L100000302759, L100000302077",https://www.gem.wiki/J-Area_Oil_Project_(United_Kingdom),,56.74395,2.267325,approximate,location derived from fields,unknown,,,030/02c; 030/07a; 030/6a
L100000310831,"Jilin Oil and Gas Project (Jilin, China)",吉林,oil and gas,China,Jilin,conventional,operating,,2025,1959,,1961,PetroChina Jilin Oilfield,PetroChina Jilin Oilfield Co [100%],PetroChina Co Ltd [100.0%],,"L100000321370, L100000310831, L100000321371","https://www.gem.wiki/Jilin_Oil_and_Gas_Project_(Jilin,_China)",,43.6487000,125.5528000,exact,project level location,onshore,,Songliao,
L100000318023,Jubilee Oil and Gas Project (Ghana),,oil and gas,Ghana,,conventional,operating,,2024,,,,Tullow,Tullow [43%]; Ghana National Petroleum Co [19%]; Kosmos Energy [34%]; PetroSA [3%],Tullow Oil PLC [43.1%]; Kosmos Energy [34.1%]; Ghana National Petroleum Co [19.7%]; PetroSA [3.1%],,L100000318023,https://www.gem.wiki/Jubilee_Oil_and_Gas_Project_(Ghana),,4.5350000,-2.9000000,exact,project level location,offshore,,,
L100000314060,"Judith Oil and Gas Project (Victoria, Australia)",,oil and gas,Australia,Victoria,conventional,discovered,,2025,1989,,,Emperor Energy,Emperor Energy Ltd [100%],Emperor Energy Ltd [100.0%],,L100000314060,"https://www.gem.wiki/Judith_Oil_and_Gas_Project_(Victoria,_Australia)",,-38.1500000,148.5400000,exact,project level location,offshore,"MULTIPOLYGON (((148.501300500726 -38.1551604733432,148.501301915656 -38.1463385278105,148.502331635513 -38.1462293608804,148.504023299501 -38.1458240829553,148.507890241829 -38.1449115841762,148.511093299328 -38.1441990854216,148.512907188967 -38.1438401980924,148.515095242184 -38.1439557540589,148.517032464313 -38.1436910327748,148.518475244702 -38.1430010330739,148.519611636915 -38.1421713111417,148.523362450847 -38.1415474211093,148.527842701226 -38.1409618637497,148.532078229871 -38.1402832515442,148.534182382034 -38.1392968618844,148.536363214753 -38.1390765836311,148.538429610571 -38.1391932505804,148.541361008948 -38.1400179726083,148.542955179881 -38.1407640836691,148.545957411122 -38.1420671397706,148.548696586904 -38.1424146397366,148.550530479562 -38.1430138068382,148.555176865187 -38.1445343625218,148.557610752726 -38.1447899187967,148.558265196723 -38.144157973763,148.559149085941 -38.1428996406555,148.559057697789 -38.141462418426,148.560096032638 -38.1389074181345,148.561070198032 -38.1390385292492,148.562362141885 -38.1398363074969,148.561948530816 -38.1403690845384,148.562043806866 -38.1419979737976,148.562482140287 -38.1426154739347,148.563405750448 -38.143226585118,148.564191583106 -38.1430721411704,148.565274914108 -38.1426263082325,148.566728516471 -38.1424629744871,148.568130450984 -38.1427321417952,148.568560448023 -38.1429660309106,148.56948321968 -38.1435290861646,148.569905994905 -38.1434274202305,148.569649884813 -38.1428076980965,148.569762107205 -38.1423746420584,148.570183770429 -38.1422251981191,148.570982931947 -38.1426938093361,148.571657927361 -38.1430204755083,148.572210145622 -38.1433007536498,148.573127917463 -38.1436240868647,148.573615414215 -38.1437135319677,148.574594851683 -38.1440838101971,148.57587345522 -38.1442585324567,148.576787893179 -38.1444379766477,148.576855948732 -38.1447726996986,148.576437339436 -38.1450660326537,148.575469290703 -38.1452229764919,148.57444568619 -38.1456201993469,148.5740867994 -38.1458646433083,148.573048750388 -38.1455910320906,148.572692641494 -38.1459793650704,148.572706252028 -38.1466024211441,148.572837917874 -38.1470801992216,148.572545697474 -38.1476113102316,148.572557919046 -38.1481865872999,148.572576529403 -38.149049365402,148.572956248474 -38.1497635325456,148.573277079874 -38.1505743656881,148.574099295543 -38.1520974219825,148.574963456458 -38.1527571441818,148.575828727335 -38.1534646443807,148.57638122353 -38.1537449224882,148.576634277574 -38.1542210335704,148.576282612536 -38.1548010335773,148.575062342732 -38.1545299223798,148.574879288964 -38.1544843663493,148.574954288064 -38.1551546444295,148.574795955436 -38.1562593665234,148.574260958634 -38.1567940885099,148.573897626995 -38.1568468664684,148.573042632761 -38.156618533332,148.57212097314 -38.1561035331514,148.569193769759 -38.155519365686,148.568339886489 -38.155339087546,148.568036277485 -38.155342976505,148.567937388502 -38.1563990876353,148.567948777111 -38.1569265877086,148.567478502772 -38.1576518657481,148.566949616762 -38.1584740877971,148.566477396496 -38.1591035328293,148.566177954351 -38.1592993658219,148.564533795451 -38.1590815876053,148.563686851804 -38.159236865547,148.560514908883 -38.1585596431404,148.559419076539 -38.1584304760157,148.557895188504 -38.1581629758289,148.556251023504 -38.1579451986381,148.552464914117 -38.1569404751228,148.550207693615 -38.1564429748308,148.548021298706 -38.1564238088599,148.546374349901 -38.1560618638488,148.545516291489 -38.155689641816,148.542474893332 -38.1554418638593,148.539862663379 -38.1553804749192,148.537081265657 -38.1559440860741,148.536052373463 -38.1561015861237,148.534412373086 -38.1560749203008,148.532954602981 -38.1560460316745,148.531311554845 -38.1558757540804,148.529901283987 -38.1552229763779,148.527841293645 -38.1554415879442,148.527423240336 -38.1557824220846,148.526214356818 -38.1560379774208,148.524754363847 -38.1559132557906,148.523971311217 -38.1562110340133,148.522877427412 -38.1561771452936,148.521723266894 -38.1561443675901,148.520202440237 -38.1560202019786,148.518377441126 -38.1558518674572,148.516802996517 -38.1560640889231,148.515595773699 -38.1564152005323,148.514078273348 -38.1564349220141,148.513165773315 -38.1563507546931,148.512066051713 -38.1560293652803,148.510667717618 -38.1559513097864,148.508596052028 -38.1555943640166,148.507802718312 -38.1554129747115,148.505802439632 -38.1555824190357,148.504346607051 -38.1556490847077,148.504040218734 -38.155509084655,148.503554386244 -38.1555151966115,148.501300500726 -38.1551604733432)))",Gippsland,Vic/P47
L100000310808,"Julimar-Brunello Gas Project (Western Australia, Australia)",,gas,Australia,Western Australia,conventional,operating,,2025,2007,2011,2016,Woodside Petroleum,Kuwait Foreign Petroleum Exploration Company KSC [35%]; Woodside Petroleum Ltd [65%],Woodside Energy Group Ltd [65.0%]; Kuwait Petroleum Corp,,"L100000310808, L100000310177, L100000310172","https://www.gem.wiki/Julimar-Brunello_Gas_Project_(Western_Australia,_Australia)",,-20.0314000,115.1765000,exact,project level location,offshore,,Cararvon,WA-356-P; WA-49-L
L100000324158,Junin (Area) Oil Project (Venezuela),,oil,Venezuela,,,operating,,2018,,,,,,,,L100000309181,https://www.gem.wiki/Junin_(Area)_Oil_Project_(Venezuela),,8.4308,-65.2068,approximate,location derived from fields,onshore,"MULTIPOLYGON (((-65.6777599611683 8.92007506031122,-65.3721646365894 8.83026153486865,-65.1540471695786 8.8744745349384,-64.8091857690346 8.83615660154461,-64.7738153689788 8.6946750013214,-64.5055898352223 8.68877993464543,-64.5138756826911 8.0280350641906,-64.5350651686021 7.94305400013558,-64.5085373685602 7.85168046665809,-64.4584293018145 7.80157239991237,-64.5674880353199 7.74851679982866,-64.6735992354873 7.75146433316665,-64.8445561690904 7.65124819967521,-64.9507867508166 7.67385581863927,-65.0243557027074 7.75735939984261,-65.1982601696484 7.8310477332922,-65.2837386364499 7.85168046665809,-65.4723807700809 7.84578539998212,-65.5001092784518 7.88605517510895,-65.5719832540302 7.91343573723406,-65.6669179703878 7.87820826669994,-65.6846031704157 7.87820826669994,-65.6777599611683 8.92007506031122)))",,
L100000319056,"Junin - Junin Este Gas Project (Santa Cruz, Bolivia)",Junín - Junín Este,gas,Bolivia,Santa Cruz,conventional,operating,,2023,1991,,,YPFB Chaco,YPFB Chaco SA [100%],Yacimientos Petrolíferos Fiscales Bolivianos Corp [99.3%],,L100000319056,"https://www.gem.wiki/Junin_-_Junin_Este_Gas_Project_(Santa_Cruz,_Bolivia)",,-16.9493000,-63.8575000,exact,project level location,onshore,,,
L100000318403,Juniper Oil and Gas Project (Trinidad and Tobago),,oil and gas,Trinidad and Tobago,,conventional,operating,,2021,1996,2014,2017,BP Trinidad & Tobago,BP Trinidad & Tobago LLC [100%],BP PLC [70.0%]; Repsol SA [30.0%],,"L100000318403, L100000310906",https://www.gem.wiki/Juniper_Oil_and_Gas_Project_(Trinidad_and_Tobago),,10.0780000,-60.2220000,approximate,project level location,offshore,"MULTIPOLYGON (((-60.2457931473994 10.1058329269445,-60.2415208178488 10.1021431877872,-60.2395788498713 10.1027257781805,-60.2362775043095 10.0935985286861,-60.2316167811634 10.0941811190793,-60.2290922227927 10.0906855767198,-60.2265676644219 10.0914623639108,-60.2232663188601 10.0860248535737,-60.217052021332 10.090491379922,-60.2217127444781 10.1044735493602,-60.2197707765005 10.1066097141355,-60.2143332661635 10.1002012198097,-60.2087015590286 10.0883552151468,-60.1956903735792 10.0813641304277,-60.1916122408264 10.0749556361018,-60.1910296504331 10.0667993705962,-60.1886992888601 10.0590314986861,-60.1912238472309 10.0568953339108,-60.1960787671747 10.0605850730681,-60.1995743095343 10.0611676634614,-60.2019046711073 10.0629154346412,-60.19821493195 10.0518462171693,-60.202098867905 10.0506810363827,-60.2050118198713 10.0524288075625,-60.2096725430174 10.0586431050906,-60.2123912981859 10.0605850730681,-60.2166636277365 10.0627212378434,-60.219382382905 10.0600024826749,-60.2176346117253 10.0549533659333,-60.2283154356017 10.0506810363827,-60.2364717011073 10.066216780203,-60.2452105570061 10.0706833065513,-60.2487060993657 10.0794221624501,-60.2461815409949 10.085053869585,-60.2506480673432 10.0996186294164,-60.2457931473994 10.1058329269445)))",Columbus,East Mayaro Block TT
L100000320900,Kalamkas-Khazar Oil and Gas Project (Kazakhstan),Каламкас-море - Хазар,oil and gas,Kazakhstan,,conventional,in-development,actual,2023,2007,2023,,Kalamkas-Khazar Operating (KKO),LUKOIL PJSC [50%]; National Company KazMunayGas JSC [50%],LUKOIL PJSC [50.0%]; National Company KazMunayGas JSC [50.0%],,"L100000320346, L100001055832",https://www.gem.wiki/Kalamkas-Khazar_Oil_and_Gas_Project_(Kazakhstan),"Kalamkas-Sea–Khazar–Auezov, Каламкас-море - Хазар - Ауэзов",45.5226000,51.5245000,approximate,project level location,offshore,,North Ustyurt,
L100000312070,"Kamchatka Gas Project (Kamchatka Krai, Russia)",Камчатка,gas,Russia,Kamchatka Krai,conventional,operating,,2024,,,,Gazprom Dobycha Noyabrsk,Gazprom Dobycha Noyabrsk LLC [100%],Gazprom PJSC [100.0%],,"L100000312069, L100000312068, L100000312070, L100000317087, L100000317088","https://www.gem.wiki/Kamchatka_Gas_Project_(Kamchatka_Krai,_Russia)",Камчатский центр газодобычи (ЦГД) Газпрома,55.3280000,156.4610000,approximate,project level location,onshore,,,Kshuksky; Nizhnekvakchiksky; Srednekunzhinsky
L100000317473,Kaminho Deepwater Oil Project (Angola),,oil,Angola,,conventional,in-development,,2024,2012,2024,,TotalEnergies,Sonangol EP [20%]; TotalEnergies SE [40%]; Petroliam Nasional Bhd [40%],Petroliam Nasional Bhd [40.0%]; TotalEnergies SE [40.0%]; Sonangol EP [20.0%],,"L100000317473, L100000317474",https://www.gem.wiki/Kaminho_Deepwater_Oil_Project_(Angola),Cameia/Golfinho,-10.0938000,12.4228000,exact,project level location,offshore,,Kwanza,Block 20; Block 21
L100000318049,Kandym-Khauzak-Shady-Kungrad Oil and Gas Project (Uzbekistan),,oil and gas,Uzbekistan,,conventional,operating,,2024,,,2007,Lukoil Uzbekistan Operating,Uzbekneftegaz JSC [10%]; LUKOIL PJSC [90%],LUKOIL PJSC [90.0%]; Government of Uzbekistan; Uzbekneftegaz JSC,,"L100000318049, L100000321065, L100000321064",https://www.gem.wiki/Kandym-Khauzak-Shady-Kungrad_Oil_and_Gas_Project_(Uzbekistan),"Кандым-Хаузак-Шады-Кунград, Dengizkol-Hauzak-Shodi",39.8059000,63.5020000,exact,project level location,onshore,,,
L100000312809,Kaombo Oil and Gas Project (Angola),,oil and gas,Angola,,conventional,operating,,2024,2002,2014,2018,TotalEnergies,Esso SA [15%]; Sonangol Sinopec International Ltd [20%]; Sonangol EP [30%]; TotalEnergies SE [30%]; Somoil Internacional de Petróleo do Brasil Ltda [5%],Sonangol EP [30.0%]; TotalEnergies SE [30.0%]; Esso SA [15.0%]; China Petroleum & Chemical Corp [11.0%]; China Sonangol International Holding Ltd [9.0%]; Somoil Internacional de Petróleo do Brasil Ltda [5.0%],,"L100000312785, L100000312767, L100000312777, L100000312758, L100000312766, L100000312759, L100000312809",https://www.gem.wiki/Kaombo_Oil_and_Gas_Project_(Angola),,-7.8765000,10.9819000,exact,project level location,offshore,,,Block 32; Block-32
L100000320702,"Kapok-Dorado Gas Project (Venezuela, Trinidad and Tobago)",Kapok-Dorado,gas,Venezuela,,conventional,operating,,2023,,,,,,,,"L100000310909, L100000320702, L100000320701","https://www.gem.wiki/Kapok-Dorado_Gas_Project_(Venezuela,_Trinidad_and_Tobago)",,9.8730000,-60.4840000,approximate,project level location,offshore,,Columbus,SEG Cassia Block
L100000312594,Karachaganak Oil and Gas Project (Kazakhstan),Карачаганак,oil and gas,Kazakhstan,,conventional,operating,,2024,1979,,1984,Karachaganak Petroleum Operating,Shell PLC [29%]; Eni SpA [29%]; Chevron Corp [18%]; LUKOIL PJSC [13%]; National Company KazMunayGas JSC [10%],Eni SpA [29.3%]; Shell PLC [29.3%]; Chevron Corp [18.0%]; LUKOIL PJSC [13.5%]; National Company KazMunayGas JSC [10.0%],,"L100000312594, L100000320297, L100000320296",https://www.gem.wiki/Karachaganak_Oil_and_Gas_Project_(Kazakhstan),,50.8372000,52.9707000,exact,project level location,onshore,,Precaspian,Karachaganak Field
L100000324020,Karish-Tanin Gas Project (Israel),,gas,Israel,,conventional,operating,ramp up,2018,2016,2018,2018,Energean,Energean PLC [100%],Energean PLC [100.0%],,"L100000300647, L100000300648, L100000300651",https://www.gem.wiki/Karish-Tanin_Gas_Project_(Israel),,33.2094667,34.1638667,approximate,location derived from fields,offshore,,Levant,
L100000324323,Kebabangan Cluster Oil and Gas Project (Malaysia),,oil and gas,Malaysia,,conventional,operating,,2024,,,,ConocoPhillips Sabah Gas,ConocoPhillips Sabah Gas [30%]; Shell PLC [30%]; Petronas Carigali Sdn Bhd [40%],Petroliam Nasional Bhd [40.0%]; ConocoPhillips Sabah Gas Ltd [30.0%]; Shell PLC [30.0%],,"L100000311937, L100000318189",https://www.gem.wiki/Kebabangan_Cluster_Oil_and_Gas_Project_(Malaysia),KBBC,6.4435000,115.3847000,approximate,project level location,offshore,,,
L100000314096,Kelidang Gas Project (Brunei),,gas,Brunei,,conventional,in-development,actual,2025,2013,2025,,Petronas Carigali Brunei,Shell PLC [20%]; Petronas Carigali Brunei Ltd [45%]; Diamond Energy Exploration & Production (Brunei Deepwater) BV [18%]; Brunei National Petroleum Company Sdn Bhd [6%],Petronas Carigali Brunei Ltd [45.0%]; Shell PLC [20.0%]; Mitsubishi Corp [18.8%]; Brunei National Petroleum Company Sdn Bhd [6.2%],,"L100000317090, L100000317089, L100000314096",https://www.gem.wiki/Kelidang_Gas_Project_(Brunei),"Kelidang Cluster, CA2 Project",5.8034000,113.8041000,approximate,project level location,offshore,,,Block CA-2
L100000313964,"Kenli 6-1 Oil Project (Shandong, China)",垦利6-1,oil,China,Shandong,conventional,operating,,2025,2021,,2023,CNOOC,CNOOC Ltd [100%],CNOOC Ltd [100.0%],,"L100000313964, L100000321187, L100000321185, L100000321188, L100000321189","https://www.gem.wiki/Kenli_6-1_Oil_Project_(Shandong,_China)",,38.0727580,119.7745330,exact,project level location,offshore,,Bohai Bay,10-1; 10-1N; 4-1; 5-1; 5-2; 6-1
L100000310659,"Kenya-Codie-Kate Gas Project (Queensland, Australia)",,gas,Australia,Queensland,unconventional,operating,,2019,,,,QGC,BG International Ltd [11%]; Queensland Gas Co Ltd [47%]; Origin Energy Ltd [40%],Origin Energy Ltd [40.6%]; Shell PLC [11.9%],,L100000310659,"https://www.gem.wiki/Kenya-Codie-Kate_Gas_Project_(Queensland,_Australia)",,,,,,onshore,,Surat,PL 228
L100000324448,KG-D6 Gas Project (India),,gas,India,,conventional,operating,,2025,,,2023,Reliance Group,Reliance Group [66%]; BP PLC [33%],Reliance Group [66.7%]; BP PLC [33.3%],,"L100000313098, L100000305031, L100000313100, L100000313099",https://www.gem.wiki/KG-D6_Gas_Project_(India),,16.353,83.28695,approximate,location derived from fields,offshore,,Krishna-Godavari Basin,KG-D6; KG-DWN-98/3
L100000313971,KG-DWN-98/2 Oil and Gas Project (India),,oil and gas,India,,conventional,operating,,2024,,,2020,Oil and Natural Gas Corporation,Oil and Natural Gas Corporation Ltd [100%],Oil and Natural Gas Corporation Ltd [100.0%],,"L100000321271, L100000321269, L100000321272",https://www.gem.wiki/KG-DWN-98/2_Oil_and_Gas_Project_(India),KG-D5,16.2820000,82.2070000,exact,project level location,offshore,,Krishna-Godavari,KG-DWN-98/2
L100000312429,"Kharampurskoye Oil and Gas Project (Yamalo-Nenets Autonomous Okrug, Russia)",Харампурское,oil and gas,Russia,Yamalo-Nenets Autonomous Okrug,conventional,operating,,2023,1979,,1990,Rosneft-Purneftegaz,Rosneft PJSC [100%],Rosneft PJSC [100.0%],Rosnedra License ID: СЛХ02516НЭ,"L100000319173, L100000312429","https://www.gem.wiki/Kharampurskoye_Oil_and_Gas_Project_(Yamalo-Nenets_Autonomous_Okrug,_Russia)",,63.9048000,79.7072000,exact,project level location,onshore,,West Siberian,Kharampursky
L100000312067,"Kharasaveyskoye Gas and Condensate Project (Yamalo-Nenets Autonomous Okrug, Russia)",Харасавэйское,gas and condensate,Russia,Yamalo-Nenets Autonomous Okrug,conventional,in-development,,2023,1974,2023,,Gazprom Dobycha Nadym,Gazprom Dobycha Nadym LLC [100%],Gazprom PJSC [100.0%],Rosnedra License ID: СЛХ02071НЭ,"L100000318922, L100000318921, L100000312067","https://www.gem.wiki/Kharasaveyskoye_Gas_and_Condensate_Project_(Yamalo-Nenets_Autonomous_Okrug,_Russia)",,71.2100000,66.7610000,exact,project level location,onshore,,West Siberian,
L100000323367,"Kharyaginskoye Oil Project (Yamalo-Nenets Autonomous Okrug, Russia)",Харьягинское,oil,Russia,Yamalo-Nenets Autonomous Okrug,conventional,operating,,2023,,,,,,,,"L100000312356, L100000323367, L100000323349","https://www.gem.wiki/Kharyaginskoye_Oil_Project_(Yamalo-Nenets_Autonomous_Okrug,_Russia)",,67.1422000,56.6531000,exact,project level location,onshore,,Timan-Pechora,Kharyaginsky
L100000312527,Khazzan Oil and Gas Project (Oman),خزان,oil and gas,Oman,,mixed,operating,,2020,,2018,,,,,,"L100000312534, L100000312521, L100000312525, L100000312527",https://www.gem.wiki/Khazzan_Oil_and_Gas_Project_(Oman),,21.7050000,56.4643000,approximate,project level location,onshore,,,Block 61
L100000314117,Khurais Oil and Gas Project (Saudi Arabia),خريص,oil and gas,Saudi Arabia,,conventional,operating,,2023,1957,,2009,Saudi Arabian Oil,Saudi Arabian Oil Co [100%],Saudi Arabian Oil Co [100.0%],,"L100000320683, L100000320682, L100000314117",https://www.gem.wiki/Khurais_Oil_and_Gas_Project_(Saudi_Arabia),,25.2028000,48.0153000,exact,project level location,onshore,,,
L100000312064,Kinabalu Oil and Gas Project (Malaysia),,oil and gas,Malaysia,,conventional,operating,,2024,1989,,1997,Hibiscus Oil & Gas Malaysia,Hibiscus Oil & Gas Malaysia Ltd [60%]; Petronas Carigali Sdn Bhd [40%],Hibiscus Petroleum Bhd [60.0%]; Petroliam Nasional Bhd [40.0%],,,https://www.gem.wiki/Kinabalu_Oil_and_Gas_Project_(Malaysia),Kinabalu Oil PSC,5.3780000,111.8670000,exact,project level location,offshore,,,Kinabalu Oil PSC
L100000312810,Kizomba A Oil Project (Angola),,oil,Angola,,conventional,operating,,2021,,,2004,Exxon Mobil,BP PLC [26%]; Exxon Mobil Corp [40%]; Eni SpA [20%]; Equinor ASA [13%],Exxon Mobil Corp [40.0%]; BP PLC [26.7%]; Eni SpA [20.0%]; Equinor ASA [13.3%],,"L100000317093, L100000317092, L100000317091, L100000312780, L100000312771, L100000312760, L100000312773, L100000312810",https://www.gem.wiki/Kizomba_A_Oil_Project_(Angola),,-6.3090000,11.0920000,approximate,project level location,offshore,,,Block 15; Block Kizomba Satellites
L100000312811,Kizomba B Oil Project (Angola),,oil,Angola,,conventional,operating,,2021,,,2005,Exxon Mobil,BP PLC [26%]; Exxon Mobil Corp [40%]; Eni SpA [20%]; Equinor ASA [13%],Exxon Mobil Corp [40.0%]; BP PLC [26.7%]; Eni SpA [20.0%]; Equinor ASA [13.3%],,"L100000312765, L100000312811",https://www.gem.wiki/Kizomba_B_Oil_Project_(Angola),,-6.2730000,11.1030000,approximate,project level location,offshore,,,Block 15
L100000312812,Kizomba C Oil and Gas Project (Angola),,oil and gas,Angola,,conventional,operating,,2021,,,2008,Exxon Mobil,Eni SpA [18%]; Sonangol EP [10%]; Equinor ASA [12%]; Exxon Mobil Corp [36%]; BP PLC [24%],Exxon Mobil Corp [36.0%]; BP PLC [24.0%]; Eni SpA [18.0%]; Equinor ASA [12.0%]; Sonangol EP [10.0%],,"L100000312783, L100000312812, L100000312784",https://www.gem.wiki/Kizomba_C_Oil_and_Gas_Project_(Angola),Mondo,-6.3270000,11.2510000,approximate,project level location,offshore,,,Block 15
L100000321055,Komandirshorskaya Oil and Gas Project (Russia),Командиршорская группа месторождений,oil and gas,Russia,,,operating,,2024,1956,,2020,Lukoil-Perm,Lukoil-Perm LLC [100%],Lukoil [100.0%],,,https://www.gem.wiki/Komandirshorskaya_Oil_and_Gas_Project_(Russia),,67.2464000,55.7267000,exact,project level location,onshore,,,
L100000320926,Kozhassai & Alibekmola (Kazakhoil Aktobe) Oil and Gas Project (Kazakhstan),,oil and gas,Kazakhstan,,conventional,operating,,2023,1987,,1999,Kazakhoil Aktobe,National Company KazMunayGas JSC [50%],National Company KazMunayGas JSC [50.0%],,,https://www.gem.wiki/Kozhassai_&_Alibekmola_(Kazakhoil_Aktobe)_Oil_and_Gas_Project_(Kazakhstan),,48.1881000,57.1794000,approximate,project level location,onshore,,,
L100000318600,"Krasnoleninskoye Oil and Gas Project (Khanty-Mansi Autonomous Okrug, Russia)",Красноленинское,oil and gas,Russia,Khanty-Mansi Autonomous Okrug,conventional,operating,,2023,,,,,,,,"L100000318600, L100000312135, L100000319623, L100000321112, L100000312448, L100000321111","https://www.gem.wiki/Krasnoleninskoye_Oil_and_Gas_Project_(Khanty-Mansi_Autonomous_Okrug,_Russia)",Красноленинская группа месторождений,61.5739000,66.9300000,exact,project level location,onshore,,West Siberian,Kamenny; North-Eastern section of Palyanovskaya area of Krasnoleninskoye oil and gas field; Talinsky; Yem-Yogovsky
L100000312103,"Kruzenshternskoye Gas and Condensate Project (Yamalo-Nenets Autonomous Okrug, Russia)",Крузенштернское,gas and condensate,Russia,Yamalo-Nenets Autonomous Okrug,conventional,discovered,,2023,1976,,,Gazprom Dobycha Nadym,Gazprom Dobycha Nadym LLC [100%],Gazprom PJSC [100.0%],Rosnedra License ID: СЛХ16173НЭ,"L100000318923, L100000318924, L100000312103","https://www.gem.wiki/Kruzenshternskoye_Gas_and_Condensate_Project_(Yamalo-Nenets_Autonomous_Okrug,_Russia)",,71.0520000,65.9880000,exact,project level location,onshore,,West Siberian,Kruzenshternsky
L100000320796,Kumang Cluster Gas Project (Malaysia),,gas,Malaysia,,conventional,operating,,2024,,,2011,Petronas Carigali,Petroleum Sarawak Exploration and Production Sdn Bhd [50%]; Petronas Carigali Sdn Bhd [50%],Petroleum Sarawak Bhd [50.0%]; Petroliam Nasional Bhd [50.0%],,"L100000312026, L100001064653, L100000311940, L100000311939, L100000311938",https://www.gem.wiki/Kumang_Cluster_Gas_Project_(Malaysia),,4.9889000,112.9647000,approximate,project level location,offshore,,,Kumang Cluster
L100000313022,Kunnar Pasakhi Deep-Tando Allah Yar (KPD-TAY) Oil and Gas Project (Pakistan),,oil and gas,Pakistan,,conventional,operating,,2017,,,,Oil and Gas Development Company,Government Holdings Pvt Ltd [22%]; Oil and Gas Development Company Ltd [0%],Government Holdings Pvt Ltd [22.5%]; Oil and Gas Development Company Ltd,,"L100000317094, L100000317095, L100000313022",https://www.gem.wiki/Kunnar_Pasakhi_Deep-Tando_Allah_Yar_(KPD-TAY)_Oil_and_Gas_Project_(Pakistan),,25.4103,68.5658,approximate,location derived from fields,unknown,,,
L100000312999,"Kuparuk Satellites Oil and Gas Project (Alaska, United States)",,oil and gas,United States,Alaska,,operating,,2021,,,,ConocoPhillips,ConocoPhillips Corp [98%]; Exxon Mobil Corp [0%],ConocoPhillips Corp [98.4%]; Exxon Mobil Corp [0.6%],,,"https://www.gem.wiki/Kuparuk_Satellites_Oil_and_Gas_Project_(Alaska,_United_States)",,70.3122000,-149.7203000,approximate,project level location,onshore,,,
L100000312071,Kurdistan Oil and Gas Project (Iraq),,oil and gas,Iraq,,conventional,operating,,2020,,,,,,,,"L100000311984, L100000312071, L100000311973",https://www.gem.wiki/Kurdistan_Oil_and_Gas_Project_(Iraq),,35.7500000,44.8510000,approximate,project level location,onshore,,,
L100000318032,Kutubu Oil Project (Papua New Guinea),,oil,Papua New Guinea,,conventional,operating,,2023,1986,,1992,Oil Search (PNG),ENEOS Xplora Inc [15%]; Marubeni [3%]; Santos Ltd [60%]; Mineral Resources Development Corp [7%]; Exxon Mobil Corp [14%],Santos Ltd [60.0%]; ENEOS Holdings Inc [15.0%]; Exxon Mobil Corp [14.0%]; Mineral Resources Development Corp [7.0%]; Marubeni [3.8%],,L100000318032,https://www.gem.wiki/Kutubu_Oil_Project_(Papua_New_Guinea),,-6.4382000,143.1935000,exact,project level location,onshore,,,PDL 2
L100000313156,Lake Albert Development Oil Project (Uganda),,oil,Uganda,,conventional,in-development,,2025,,2022,,,TotalEnergies SE [56%]; CNOOC Ltd [28%]; Uganda National Oil Co [15%],TotalEnergies SE [56.7%]; CNOOC Ltd [28.3%]; Uganda National Oil Co [15.0%],,"L100000313155, L100000313154, L100000313156",https://www.gem.wiki/Lake_Albert_Development_Oil_Project_(Uganda),,2.3046000,31.4273000,exact,project level location,onshore,,,3A; CA-1; LA-2
L100000320947,"Lewis Oil Project (Alberta, Canada)",,oil,Canada,Alberta,unconventional,discovered,,2024,2024,,,Suncor Energy,Suncor Energy Inc [100%],Suncor Energy Inc [100.0%],,L100000320947,"https://www.gem.wiki/Lewis_Oil_Project_(Alberta,_Canada)",Lewis SAGD Oil Sands,57.0180000,-111.1183000,approximate,project level location,onshore,,,
L100000310821,"Liaohe Oil and Gas Project (Liaoning, China)",辽河,oil and gas,China,Liaoning,conventional,operating,,2025,1965,,1980,PetroChina Liaohe Oilfield,PetroChina Liaohe Oilfield Co [100%],PetroChina Co Ltd [100.0%],,"L100000319172, L100000310821, L100000311282, L100000319171","https://www.gem.wiki/Liaohe_Oil_and_Gas_Project_(Liaoning,_China)",,41.2411000,121.4792000,approximate,project level location,onshore,,Bohai Bay,
L100000319014,Libertador Oil and Gas Project (Ecuador),Activo Libertador,oil and gas,Ecuador,,conventional,operating,,2018,,,,EP Petroecuador,,,,L100000319014,https://www.gem.wiki/Libertador_Oil_and_Gas_Project_(Ecuador),,,,,,onshore,,,B57 - LIBERTADOR
L100000317467,Litchendjili Oil and Gas Project (Republic of the Congo),,oil and gas,Republic of the Congo,,conventional,operating,,2024,,,,Eni,LUKOIL PJSC [25%]; Eni SpA [65%]; Société Nationale Des Pétroles Du Congo [10%],Eni SpA [65.0%]; LUKOIL PJSC [25.0%]; Société Nationale Des Pétroles Du Congo [10.0%],,"L100000317464, L100000317457, L100000317463",https://www.gem.wiki/Litchendjili_Oil_and_Gas_Project_(Republic_of_the_Congo),,-4.6732000,11.6478000,approximate,project level location,offshore,,,
L100000321260,"Liuhua 11-1/4-1 Redevelopment Oil Project (South China Sea, China)",流花11-1/4-1二次开发,oil,China,South China Sea,conventional,operating,,2025,,,2024,CNOOC,CNOOC Ltd [100%],CNOOC Ltd [100.0%],,,"https://www.gem.wiki/Liuhua_11-1/4-1_Redevelopment_Oil_Project_(South_China_Sea,_China)",,20.8383330,115.7316670,exact,project level location,offshore,,Zhujiangkou,
L100000324239,Longtail-Turbot Oil and Gas Project (Guyana),,oil and gas,Guyana,,conventional,discovered,,2024,,,,ExxonMobil Guyana,CNOOC Petroleum Guyana Ltd [25%]; Hess Guyana Exploration Ltd [30%]; ExxonMobil Guyana Ltd [45%],Hess Corp [30.0%]; China National Offshore Oil Corp; Exxon Mobil Corp,,"L100000313090, L100000313085, L100000313088, L100001082598",https://www.gem.wiki/Longtail-Turbot_Oil_and_Gas_Project_(Guyana),,7.8200000,-56.5600000,approximate,project level location,offshore,,,Stabroek; Stabroek Block
L100000320700,"Loran-Manatee Gas Project (Venezuela, Trinidad and Tobago)",Loran-Manatee,gas,Venezuela,,conventional,in-development,,2023,1983,2023,,Shell,Shell PLC [100%],Shell PLC [100.0%],,"L100000318398, L100000320451, L100000320700","https://www.gem.wiki/Loran-Manatee_Gas_Project_(Venezuela,_Trinidad_and_Tobago)",,9.9694000,-60.1511000,approximate,project level location,offshore,,Columbus,Block 6
L100000312287,Lower Zakum Oil and Gas Project (United Arab Emirates),زاكوم السفلي,oil and gas,United Arab Emirates,,conventional,operating,,2025,1963,,1967,ADNOC Offshore,China National Petroleum Corp [10%]; Other [10%]; ONGC [10%]; INPEX Corp [10%]; Abu Dhabi National Oil Co [60%],Abu Dhabi National Oil Co [60.0%]; China National Petroleum Corp [10.0%]; INPEX Corp [10.0%]; ONGC [10.0%]; Other [10.0%],,"L100000317627, L100000312287, L100000317626",https://www.gem.wiki/Lower_Zakum_Oil_and_Gas_Project_(United_Arab_Emirates),,24.8530000,53.6620000,approximate,project level location,offshore,,,Lower Zakum
L100000321284,"Lufeng Field Cluster II Oil Project (South China Sea, China)",陆丰油田群二期,oil,China,South China Sea,conventional,operating,ramp up,2024,,,2024,CNOOC,CNOOC Ltd [100%],CNOOC Ltd [100.0%],,L100000321284,"https://www.gem.wiki/Lufeng_Field_Cluster_II_Oil_Project_(South_China_Sea,_China)",,21.6672000,116.3214000,exact,project level location,offshore,,,
L100000312553,Mabrouk Oil and Gas Project (Oman),مبروك,oil and gas,Oman,,conventional,operating,,2023,,,,Petroleum Development Oman,Petroleum Development Oman LLC [100%],Energy Development Oman SAOC [60.0%]; Shell PLC [34.0%]; small shareholder(s) [6.0%],,"L100000312531, L100000312532, L100000312533, L100000312553, L100000312530, L100000312529",https://www.gem.wiki/Mabrouk_Oil_and_Gas_Project_(Oman),,20.3293000,56.0697000,approximate,project level location,onshore,,,Block 10; Block 6
L100000324221,Madura Strait Block Oil and Gas Project (Indonesia),,oil and gas,Indonesia,,conventional,operating,,2024,1987,,2017,HUSKY-CNOOC MADURA,CNOOC Southeast Asia Ltd [40%]; Samudra Energy [20%]; Cenovus Energy Inc [40%],Cenovus Energy Inc [40.0%]; CNOOC Southeast Asia Ltd [40.0%]; Northstar Group [20.0%],,"L100000312844, L100000312845, L100000312846, L100000312889, L100000312882",https://www.gem.wiki/Madura_Strait_Block_Oil_and_Gas_Project_(Indonesia),,-7.3720000,114.4160000,approximate,project level location,offshore,"MULTIPOLYGON (((113.8773 -7.387769,113.738811 -7.3875,113.738811 -7.417919,113.514719 -7.417919,113.514781 -7.386189,113.398661 -7.386061,113.398639 -7.399039,113.253611 -7.398819,113.253419 -7.507689,113.478619 -7.50785,113.478611 -7.583611,113.229169 -7.583611,113.229161 -7.409961,113.17095 -7.40985,113.170861 -7.4335,113.096111 -7.433461,113.096111 -7.388469,113.211111 -7.261669,113.332219 -7.34,113.487 -7.340061,113.486811 -7.371539,113.533411 -7.371589,113.533431 -7.385269,113.57975 -7.385269,113.5797 -7.397061,113.687981 -7.397119,113.687869 -7.367069,113.778231 -7.367139,113.778231 -7.31905,113.743919 -7.319011,113.743889 -7.230469,113.775919 -7.230461,113.775919 -7.237031,113.798181 -7.237039,113.798161 -7.246839,113.8132 -7.246861,113.813161 -7.350611,113.853381 -7.350681,113.853361 -7.369669,113.8772 -7.369711,113.8773 -7.387769)),((114.9 -7.236461,114.9 -7.457781,114.611661 -7.457781,114.611661 -7.561919,114.499989 -7.561919,114.500269 -7.544461,114.424019 -7.544539,114.42395 -7.477519,114.534911 -7.4774,114.534919 -7.498269,114.585281 -7.498189,114.60825 -7.498194,114.60825 -7.453333,114.74625 -7.453333,114.74625 -7.440169,114.746189 -7.405169,114.894361 -7.404881,114.894161 -7.304889,114.762739 -7.305131,114.762789 -7.336469,114.618789 -7.336689,114.618811 -7.354331,114.451619 -7.354331,114.451619 -7.34215,114.427969 -7.342181,114.427939 -7.303289,114.6474 -7.303031,114.647319 -7.254431,114.600911 -7.254519,114.600911 -7.246939,114.498081 -7.247,114.498081 -7.181667,114.685933 -7.181667,114.685933 -7.158161,114.796661 -7.158139,114.796839 -7.256519,114.770089 -7.256569,114.770139 -7.292511,114.85065 -7.292369,114.850489 -7.261281,114.872469 -7.261239,114.872419 -7.236389,114.9 -7.236461)),((114.418419 -7.387489,114.23125 -7.387569,114.2313 -7.365639,114.117061 -7.365619,114.117061 -7.35805,114.036019 -7.358031,114.03605 -7.3197,114.117531 -7.319681,114.117611 -7.298019,114.184231 -7.297961,114.184231 -7.31295,114.250519 -7.312919,114.250519 -7.295669,114.340211 -7.295611,114.340261 -7.343439,114.407089 -7.343389,114.407111 -7.356061,114.418389 -7.35605,114.418419 -7.387489)))",,Madura Strait
L100000318174,Mahakam Block Oil and Gas Project (Indonesia),,oil and gas,Indonesia,,conventional,operating,,2024,,,1974,PT Pertamina Hulu Mahakam,PT Pertamina Hulu Mahakam [90%]; PT Migas Mandiri Pratama Kutai Mahakam [10%],PT Pertamina Hulu Mahakam [90.0%]; PT Migas Mandiri Pratama Kutai Mahakam [10.0%],,"L100000312835, L100000312851, L100000312904, L100000312859, L100000312866, L100000312860",https://www.gem.wiki/Mahakam_Block_Oil_and_Gas_Project_(Indonesia),,-0.9300000,117.4500000,approximate,project level location,offshore,"MULTIPOLYGON (((117.567033 -0.332886,117.567035 -0.299657,117.583671 -0.299657,117.583671 -0.291258,117.600369 -0.291258,117.600369 -0.283658,117.624167 -0.283658,117.624167 -0.306111,117.676389 -0.306111,117.676389 -0.283333,117.684722 -0.283333,117.684722 -0.25,117.725353 -0.25,117.725353 -0.27466,117.708655 -0.27466,117.708655 -0.291258,117.7 -0.291258,117.7 -0.332961,117.691957 -0.332954,117.691979 -0.366221,117.683685 -0.366221,117.683658 -0.457941,117.675359 -0.457941,117.675359 -0.46621,117.667023 -0.46621,117.667022 -0.55793,117.658661 -0.55793,117.658661 -0.6,117.65 -0.6,117.65 -0.633333,117.641964 -0.633333,117.641964 -0.65,117.633333 -0.65,117.633333 -0.75,117.616667 -0.75,117.616667 -0.783333,117.6 -0.783333,117.6 -0.816667,117.583333 -0.816667,117.583333 -0.85,117.566667 -0.85,117.566667 -0.883333,117.550368 -0.883333,117.550375 -0.991185,117.541976 -0.991185,117.541976 -1.016183,117.533677 -1.016183,117.533677 -1.032881,117.525378 -1.032881,117.525378 -1.04118,117.516979 -1.04118,117.516979 -1.049479,117.50868 -1.049479,117.50868 -1.066177,117.500381 -1.066177,117.500381 -1.074476,117.491982 -1.074476,117.491982 -1.082876,117.483683 -1.082876,117.483683 -1.091175,117.475384 -1.091175,117.475384 -1.107873,117.466985 -1.107873,117.466985 -1.116172,117.458686 -1.116172,117.458686 -1.13287,117.450387 -1.13287,117.450387 -1.141169,117.441989 -1.141169,117.441989 -1.150023,117.416667 -1.150023,117.416667 -1.166684,117.4 -1.166684,117.4 -1.183345,117.383333 -1.183345,117.383333 -1.216667,117.333333 -1.216667,117.333333 -1.183345,117.3 -1.183345,117.3 -1.166684,117.283333 -1.166684,117.283328 -1.125127,117.333333 -0.991745,117.316911 -0.974639,117.333731 -0.966159,117.333731 -0.957889,117.342001 -0.957889,117.342001 -0.949494,117.350396 -0.949493,117.350396 -0.932891,117.358699 -0.932891,117.358699 -0.916163,117.36706 -0.916162,117.36706 -0.899495,117.375397 -0.899495,117.375397 -0.882896,117.383725 -0.882896,117.383725 -0.857899,117.391995 -0.857899,117.392045 -0.841151,117.400394 -0.841151,117.400394 -0.816203,117.408693 -0.816203,117.408693 -0.799507,117.417054 -0.799508,117.417054 -0.774508,117.425391 -0.774508,117.425391 -0.766209,117.433718 -0.766182,117.433717 -0.71618,117.450382 -0.71618,117.450381 -0.682851,117.467047 -0.682851,117.467047 -0.65792,117.475384 -0.65792,117.475384 -0.632923,117.483711 -0.632923,117.483711 -0.607925,117.491982 -0.607925,117.491982 -0.566201,117.500388 -0.566201,117.500379 -0.46621,117.517043 -0.46621,117.517046 -0.432877,117.533706 -0.432876,117.53371 -0.399547,117.550384 -0.399546,117.55038 -0.36625,117.558674 -0.36625,117.558674 -0.332954,117.567033 -0.332886)),((117.247895 -0.908333,117.249264 -0.905878,117.252118 -0.901359,117.250732 -0.893445,117.2507 -0.89325,117.2506 -0.89274,117.2501 -0.88645,117.2498 -0.88245,117.2496 -0.87897,117.25026 -0.872289,117.250673 -0.861137,117.2509 -0.85145,117.251 -0.84853,117.2508 -0.84619,117.2507 -0.84351,117.2506 -0.84019,117.2505 -0.83745,117.2506 -0.83529,117.250845 -0.832812,117.251175 -0.829123,117.252738 -0.813841,117.263373 -0.810649,117.2638 -0.81087,117.272154 -0.805786,117.2783 -0.79644,117.283172 -0.774205,117.282747 -0.77414,117.283153 -0.77414,117.283209 -0.773416,117.283618 -0.76471,117.2836 -0.76404,117.2835 -0.76096,117.2833 -0.75365,117.2833 -0.74904,117.284326 -0.745374,117.28527 -0.74442,117.286945 -0.730607,117.286981 -0.728255,117.287307 -0.722848,117.288857 -0.717116,117.289004 -0.716667,117.308705 -0.716667,117.308705 -0.641222,117.316667 -0.641222,117.316667 -0.607925,117.325403 -0.607925,117.325403 -0.591635,117.344444 -0.585019,117.349075 -0.585465,117.3501 -0.58427,117.3497 -0.58318,117.3486 -0.58204,117.3487 -0.58095,117.3492 -0.57993,117.3498 -0.57924,117.3506 -0.57839,117.3518 -0.57765,117.3535 -0.57714,117.3551 -0.57657,117.3566 -0.57617,117.3586 -0.57555,117.3603 -0.57516,117.3618 -0.57511,117.3636 -0.57511,117.3653 -0.575,117.3701 -0.57262,117.3774 -0.56607,117.3785 -0.56481,117.379197 -0.564119,117.380148 -0.563087,117.3809 -0.56219,117.3823 -0.56065,117.3836 -0.55911,117.3849 -0.55757,117.3864 -0.55598,117.388 -0.55427,117.3891 -0.55325,117.39 -0.55239,117.3927 -0.55012,117.3941 -0.54915,117.3951 -0.54846,117.3963 -0.54772,117.3973 -0.5471,117.3988 -0.54664,117.4007 -0.54643,117.4026 -0.54625,117.4039 -0.54603,117.404118 -0.545984,117.4114 -0.54268,117.4139 -0.5388,117.4149 -0.53698,117.416 -0.53515,117.4173 -0.53322,117.4186 -0.53162,117.419442 -0.530722,117.4201 -0.53002,117.422592 -0.527895,117.427 -0.52394,117.43 -0.51863,117.4295 -0.5172,117.4304 -0.51703,117.4314 -0.516,117.4324 -0.51418,117.4378 -0.50192,117.4384 -0.49644,117.4369 -0.48787,117.4374 -0.48615,117.4379 -0.48501,117.4392 -0.48279,117.441019 -0.480619,117.440869 -0.481095,117.44087 -0.481094,117.44102 -0.480618,117.4423 -0.47909,117.4433 -0.47789,117.4504 -0.46997,117.4543 -0.46232,117.4551 -0.45336,117.4534 -0.44988,117.4511 -0.44861,117.4505 -0.44816,117.4499 -0.4477,117.4488 -0.44746,117.4477 -0.44717,117.4462 -0.44655,117.4452 -0.44574,117.4443 -0.44431,117.4439 -0.44288,117.4439 -0.4414,117.4436 -0.44077,117.4432 -0.4406,117.4427 -0.44071,117.442 -0.44105,117.4414 -0.44151,117.4406 -0.44231,117.4395 -0.44288,117.438 -0.44338,117.4367 -0.44344,117.4359 -0.44292,117.4355 -0.44189,117.4351 -0.44052,117.4345 -0.43972,117.4336 -0.43914,117.4323 -0.43909,117.4307 -0.43925,117.4287 -0.4393,117.4274 -0.43919,117.4261 -0.43855,117.4252 -0.43787,117.4245 -0.43621,117.4243 -0.43523,117.4248 -0.43381,117.4252 -0.4329,117.4259 -0.43216,117.4274 -0.43165,117.4294 -0.43148,117.4315 -0.43177,117.4333 -0.43195,117.4348 -0.43178,117.4362 -0.43058,117.4371 -0.42887,117.4374 -0.42751,117.4374 -0.42556,117.437 -0.42374,117.4361 -0.42282,117.4352 -0.42219,117.4344 -0.4219,117.4321 -0.4207,117.4313 -0.41961,117.4309 -0.41846,117.4307 -0.41658,117.431 -0.41504,117.4313 -0.41258,117.4311 -0.4103,117.4298 -0.40676,117.429 -0.40441,117.4288 -0.40304,117.4291 -0.40128,117.4299 -0.39962,117.4305 -0.39865,117.4334 -0.39689,117.4347 -0.39637,117.4357 -0.39569,117.4364 -0.39483,117.4366 -0.39352,117.4364 -0.39278,117.4357 -0.39164,117.4352 -0.39089,117.4347 -0.38963,117.4346 -0.38855,117.4349 -0.38689,117.4359 -0.38541,117.4386 -0.38388,117.4403 -0.38354,117.4413 -0.38348,117.4429 -0.38366,117.4443 -0.38383,117.4461 -0.38407,117.4477 -0.38458,117.4493 -0.38539,117.4521 -0.38723,117.4547 -0.38951,117.4558 -0.39026,117.4571 -0.39073,117.4595 -0.39021,117.4612 -0.38908,117.4622 -0.38794,117.4632 -0.38617,117.4641 -0.38394,117.4646 -0.38189,117.4649 -0.37972,117.465 -0.37606,117.465 -0.37349,117.4648 -0.37115,117.4644 -0.36944,117.4636 -0.36801,117.4627 -0.36693,117.4619 -0.36624,117.4608 -0.36554,117.4593 -0.36497,117.4582 -0.36451,117.457 -0.36377,117.4561 -0.36268,117.4547 -0.36022,117.4527 -0.35542,117.4524 -0.35291,117.452 -0.35039,117.4519 -0.34702,117.45189 -0.34677,117.4513 -0.33966,117.4483 -0.33046,117.4477 -0.3276,117.4477 -0.32508,117.448 -0.32252,117.4488 -0.31926,117.449437 -0.316961,117.44971 -0.316975,117.452006 -0.311214,117.4514 -0.30688,117.4465 -0.30275,117.4448 -0.30069,117.444449 -0.300151,117.44011 -0.294651,117.4364 -0.29033,117.4353 -0.28919,117.4331 -0.28627,117.4308 -0.2829,117.428251 -0.278757,117.4272 -0.27717,117.4253 -0.27409,117.424777 -0.273111,117.423889 -0.271667,117.424007 -0.271667,117.4238 -0.27128,117.423785 -0.271228,117.42428 -0.271227,117.466219 -0.271227,117.466219 -0.396214,117.480106 -0.396214,117.480106 -0.566667,117.441988 -0.566667,117.441988 -0.582928,117.43369 -0.582928,117.43369 -0.607925,117.425391 -0.607925,117.425391 -0.624523,117.416992 -0.624523,117.416992 -0.632923,117.417053 -0.632983,117.417053 -0.641222,117.408693 -0.641222,117.408693 -0.649521,117.400394 -0.649521,117.400394 -0.65792,117.391995 -0.65792,117.391995 -0.666219,117.383696 -0.666219,117.383696 -0.674518,117.375397 -0.674518,117.375397 -0.682917,117.366998 -0.682917,117.366998 -0.691216,117.358699 -0.691216,117.358699 -0.75791,117.3504 -0.75791,117.3504 -0.766209,117.342001 -0.766209,117.342001 -0.774508,117.333702 -0.774508,117.333702 -0.799505,117.325403 -0.799505,117.325403 -0.841201,117.317004 -0.841201,117.317004 -0.849499,117.308705 -0.849498,117.308705 -0.857899,117.300406 -0.857899,117.300405 -0.882835,117.300402 -0.882835,117.300402 -0.882896,117.292007 -0.882896,117.292007 -0.899495,117.292013 -0.8995,117.283737 -0.8995,117.283708 -0.916193,117.275409 -0.916193,117.275409 -0.933902,117.247895 -0.908333)),((117.66666 -0.96139,117.66666 -1.10972,117.65 -1.14012,117.65 -1.01083,117.59302 -1.01083,117.60055 -1,117.81889 -0.50417,117.86222 -0.57111,117.66666 -0.96139)),((117.66666 -0.96139,117.823034 -0.649521,117.841939 -0.649521,117.841939 -0.671225,117.870335 -0.687017,117.843653 -0.741211,117.868959 -0.741211,117.858637 -0.760022,117.858637 -0.74951,117.850338 -0.74951,117.850338 -0.757909,117.841939 -0.757909,117.841939 -0.774508,117.850687 -0.774508,117.841524 -0.791206,117.818716 -0.791206,117.816942 -0.794762,117.816942 -0.799505,117.825341 -0.799505,117.825341 -0.807904,117.832361 -0.807904,117.827807 -0.816203,117.816942 -0.816203,117.816942 -0.836003,117.768384 -0.924492,117.752233 -0.924492,117.75035 -0.928267,117.75035 -0.949489,117.754666 -0.949489,117.736232 -0.982886,117.725219 -0.982886,117.725219 -0.991185,117.731683 -0.991185,117.713426 -1.024483,117.700356 -1.024482,117.700356 -1.016183,117.683658 -1.016183,117.683658 -1.007883,117.675359 -1.007883,117.675359 -1,117.666667 -1,117.66666 -0.96139)),((117.033739 -1.532729,117.033739 -1.52443,117.042138 -1.52443,117.042138 -1.51613,117.04217 -1.516098,117.067103 -1.5161,117.100429 -1.516097,117.100429 -1.532763,117.117096 -1.532762,117.1171 -1.599422,117.067106 -1.599424,117.067106 -1.616088,117.058736 -1.616088,117.058736 -1.599422,117.050437 -1.599422,117.050437 -1.591123,117.042138 -1.591123,117.042138 -1.582723,117.03374 -1.582723,117.03374 -1.574424,117.025441 -1.574424,117.025441 -1.532729,117.033739 -1.532729)),((117.000444 -1.432777,117.000444 -1.466106,117.01711 -1.466106,117.01711 -1.449441,117.050436 -1.449439,117.050436 -1.48277,117.033772 -1.482771,117.033772 -1.516098,117.033739 -1.51613,117.033739 -1.52443,117.017142 -1.52443,117.017142 -1.51613,116.983746 -1.51613,116.983746 -1.507731,116.975447 -1.507731,116.975447 -1.491133,116.983746 -1.491133,116.983746 -1.482734,116.992145 -1.482734,116.992145 -1.457737,116.983746 -1.457737,116.983746 -1.466136,116.967148 -1.466136,116.967148 -1.457737,116.95045 -1.457737,116.95045 -1.466136,116.923577 -1.466136,116.97859 -1.416112,116.983779 -1.416108,116.983779 -1.432776,117.000444 -1.432777)),((116.892157 -1.507731,116.925453 -1.507731,116.925453 -1.51613,116.942151 -1.51613,116.942151 -1.52443,116.975447 -1.52443,116.975447 -1.532729,117.017142 -1.532729,117.017142 -1.566125,116.983746 -1.566125,116.983746 -1.557726,116.95045 -1.557726,116.95045 -1.549427,116.933782 -1.549427,116.933783 -1.532763,116.925453 -1.532763,116.925453 -1.52443,116.900456 -1.52443,116.900456 -1.516097,116.892157 -1.516097,116.892157 -1.507731)))",,Mahakam
L100000317530,Mahogany East and Teak Oil and Gas Project (Ghana),,oil and gas,Ghana,,conventional,discovered,,2022,2011,,,Tullow,,,,L100000317530,https://www.gem.wiki/Mahogany_East_and_Teak_Oil_and_Gas_Project_(Ghana),,,,,,unknown,,,
L100000313120,Mamba Gas Project (Mozambique),,gas,Mozambique,,conventional,in-development,,2021,2011,2021,,Mozambique Rovuma Venture,Galp [10%]; Empresa Nacional de Hidrocarbonetos EP [10%]; Korea Gas Corp [10%]; Mozambique Rovuma Venture [70%],Eni SpA [28.0%]; Exxon Mobil Corp [28.0%]; China National Petroleum Corp [14.0%]; Empresa Nacional de Hidrocarbonetos EP [10.0%]; Galp Energia SGPS SA [10.0%]; Korea Gas Corp [10.0%],,"L100000317101, L100000317102, L100000317100",https://www.gem.wiki/Mamba_Gas_Project_(Mozambique),,-10.8753000,41.2086000,approximate,project level location,offshore,,,Area 4
L100000320698,"Manakin-Cocuina Gas Project (Venezuela, Trinidad and Tobago)",Manakin-Cocuina,gas,Venezuela,,conventional,discovered,early,2025,1983,,,BP Trinidad & Tobago,BP PLC,BP PLC,,"L100000318397, L100000320699","https://www.gem.wiki/Manakin-Cocuina_Gas_Project_(Venezuela,_Trinidad_and_Tobago)",Manakin-Coquina,9.9740000,-60.2949000,approximate,project level location,offshore,,,Block 5b
L100000305040,"Margarita - Huacaya Gas Project (Tarija, Bolivia)",Margarita - Huacaya,gas,Bolivia,Tarija,conventional,operating,,2024,1998,,2003,Repsol E&P Bolivia,PAE [25%]; Repsol SA [37%]; BG Bolivia [37%],Repsol SA [37.5%]; Shell PLC [37.5%]; BP PLC [12.5%]; Bridas Corp [12.5%],,L100000305040,"https://www.gem.wiki/Margarita_-_Huacaya_Gas_Project_(Tarija,_Bolivia)",,-21.2530000,-63.6550000,exact,project level location,onshore,,,Capipendi
L100000317408,Marigold Oil and Gas Project (United Kingdom),,oil and gas,United Kingdom,,conventional,discovered,,2024,2005,,,Anasuria Hibiscus UK,Caldera Petroleum [12%]; Hibiscus Petroleum Bhd [87%],Hibiscus Petroleum Bhd [87.5%]; Aban Energies Ltd [12.5%],UKCS: P198,L100000317408,https://www.gem.wiki/Marigold_Oil_and_Gas_Project_(United_Kingdom),,58.5471000,0.5955000,exact,project level location,offshore,,,15/13a; 15/13b
L100000320043,Marjan Oil and Gas Project (Saudi Arabia),مرجان,oil and gas,Saudi Arabia,,conventional,operating,,2024,1967,,1973,Saudi Arabian Oil,Saudi Arabian Oil Co [100%],Saudi Arabian Oil Co [100.0%],,"L100000319628, L100000314120, L100000319109, L100000319110, L100000320043",https://www.gem.wiki/Marjan_Oil_and_Gas_Project_(Saudi_Arabia),,28.4389000,49.6746000,approximate,project level location,offshore,,,
L100000318396,Matapal Oil and Gas Project (Trinidad and Tobago),,oil and gas,Trinidad and Tobago,,conventional,operating,,2022,,2018,2021,BP Trinidad & Tobago,BP Trinidad & Tobago LLC [100%],BP PLC [70.0%]; Repsol SA [30.0%],,"L100000317980, L100000318396, L100000310905",https://www.gem.wiki/Matapal_Oil_and_Gas_Project_(Trinidad_and_Tobago),,10.1188000,-60.3403000,approximate,project level location,offshore,"MULTIPOLYGON (((-60.1371924803471 10.1015303100969,-60.1383651526573 10.0986474906675,-60.1404661905465 10.097035066241,-60.1411013880479 10.0942988308504,-60.1418343082418 10.0920023475761,-60.1383162913111 10.0887286373767,-60.1349448584191 10.0872627969889,-60.1323063457211 10.0849663137147,-60.1297166943693 10.0867741835263,-60.1277622405189 10.0885820533379,-60.1265895682086 10.0954226418144,-60.1269804589787 10.1007485285567,-60.1308893666795 10.1026541210609,-60.1344073836103 10.103045011831,-60.1371924803471 10.1015303100969)))",,East Mayaro Block TT
L100000320993,"Meadow Creek East Oil Project (Alberta, Canada)",,oil,Canada,Alberta,unconventional,discovered,,2023,2023,,,Suncor Energy,Suncor Energy Inc,Suncor Energy Inc,,L100000320993,"https://www.gem.wiki/Meadow_Creek_East_Oil_Project_(Alberta,_Canada)",,56.3348000,-110.8378000,approximate,project level location,onshore,,,
L100000320407,Missan Oil Project (Iraq),,oil,Iraq,,conventional,operating,,2022,,,1976,CNOOC,CNOOC Ltd [63%]; Türkiye Petrolleri Anonim Ortakligi [11%]; Iraq Drilling Co [25%],CNOOC Ltd [63.8%]; Iraq Drilling Co [25.0%]; Türkiye Petrolleri Anonim Ortakligi [11.3%],,"L100000311948, L100000311959, L100000311977, L100000320407",https://www.gem.wiki/Missan_Oil_Project_(Iraq),,31.9000000,47.0333000,approximate,project level location,onshore,,,
L100000324174,MLNG Dua Gas Project (Malaysia),,gas,Malaysia,,conventional,operating,,2025,,,1995,Petronas Carigali,Petronas Carigali Sdn Bhd [90%]; E&P Malaysia Venture Sdn Bhd [10%],Petroliam Nasional Bhd [90.0%]; E&P Malaysia Venture Sdn Bhd [10.0%],,"L100000312083, L100000311945, L100000312024, L100000312082",https://www.gem.wiki/MLNG_Dua_Gas_Project_(Malaysia),,4.6333333,112.9841333,approximate,project level location,offshore,,,MLNG Dua
L100001064130,MLNG Gas Project (Malaysia),,gas,Malaysia,,conventional,operating,,2025,,,,Sarawak Shell,Petroleum Sarawak Exploration and Production Sdn Bhd [20%]; Petronas Carigali Sdn Bhd [40%]; Sarawak Shell Bhd [40%],Petroliam Nasional Bhd [40.0%]; Petroleum Sarawak Bhd [20.0%]; Shell PLC,,"L100000311944, L100000312087, L100000311947, L100000312029, L100001064197",https://www.gem.wiki/MLNG_Gas_Project_(Malaysia),MLNG Satu,4.4086574,112.4683205,approximate,location derived from fields,offshore,,,MLNG
L100001063412,Moho Oil and Gas Project (Republic of the Congo),,oil and gas,Republic of the Congo,,conventional,operating,,2023,,,,TotalEnergies E&P Congo,TotalEnergies E&P Congo [63%]; Trident Energy LP [21%]; Société Nationale Des Pétroles Du Congo [15%],TotalEnergies SE [63.5%]; Société Nationale Des Pétroles Du Congo [15.0%]; Quantum Energy Partners LLC; small shareholder(s); Warburg Pincus LLC,,"L100000317453, L100000317450, L100000317458",https://www.gem.wiki/Moho_Oil_and_Gas_Project_(Republic_of_the_Congo),,-5.294766666666667,11.390833333333333,approximate,project level location,offshore,,,
L100000310819,"Montara Oil Project (Western Australia, Australia)",,oil,Australia,Western Australia,,operating,,2024,,,,Jadestone,Jadestone Energy [100%],Jadestone Energy [100.0%],,"L100000317104, L100000317103, L100000310840, L100000310819","https://www.gem.wiki/Montara_Oil_Project_(Western_Australia,_Australia)",,-12.6648000,124.5444000,approximate,project level location,offshore,,,AC/L7; AC/L8
L100000310671,"Moranbah Gas Project (Queensland, Australia)",,gas,Australia,Queensland,unconventional,operating,,2024,,,,QPM Energy,QPM Energy Ltd [100%],QPM Energy Ltd [100.0%],,"L100000310674, L100000310675, L100000310673, L100000310676, L100000310672","https://www.gem.wiki/Moranbah_Gas_Project_(Queensland,_Australia)",,,,,,onshore,,Bowen,PL 191; PL 196; PL 223; PL 224
L100000310762,"Moura-Nipan-Dawson Gas Project (Queensland, Australia)",,gas,Australia,Queensland,,operating,,2019,,,,,,,,L100000310762,"https://www.gem.wiki/Moura-Nipan-Dawson_Gas_Project_(Queensland,_Australia)",,,,,,unknown,,,
L100000312907,Muara Bakau Block Oil and Gas Project (Indonesia),,oil and gas,Indonesia,,conventional,operating,,2024,,,2017,Eni Muara Bakau,Eni Muara Bakau BV [88%]; PT Saka Energi Muara Bakau [11%],Eni Muara Bakau BV [88.3%]; PT Saka Energi Muara Bakau [11.7%],,"L100000312907, L100000312838, L100000312837",https://www.gem.wiki/Muara_Bakau_Block_Oil_and_Gas_Project_(Indonesia),Jangkrik,-1.2565000,117.7515000,approximate,project level location,offshore,"MULTIPOLYGON (((118.05 -0.636306,118.05 -0.786667,118.033592 -0.838917,118.030547 -0.838917,118.030547 -0.837672,118.027911 -0.837672,118.027911 -0.834111,118.021319 -0.834111,118.021319 -0.850081,118.003206 -0.850081,118.003206 -0.860825,118.005 -0.860825,118.005 -0.863875,118.012419 -0.863875,118.012419 -0.868867,118.01765 -0.868867,118.01765 -0.873042,118.022794 -0.873042,118.017403 -0.890089,118.006161 -0.890089,118.006161 -0.892958,118.002119 -0.892958,118.002119 -0.899181,118.005239 -0.899181,118.005239 -0.900511,118.008986 -0.900511,118.008986 -0.902869,118.010875 -0.902869,118.010875 -0.904981,118.012692 -0.904981,118.011181 -0.909689,117.999219 -0.9097,117.999219 -0.919069,117.994461 -0.919069,117.994461 -0.933361,117.981431 -0.933361,117.981431 -0.927981,117.975511 -0.927981,117.975511 -0.933361,117.971764 -0.933361,117.971764 -0.941931,117.9827 -0.941931,117.9827 -0.947833,117.988131 -0.947833,117.988131 -0.951461,117.99235 -0.951461,117.99235 -0.956569,117.999139 -0.956569,117.999139 -0.96115,118.002669 -0.96115,118.002681 -0.98795,118.007331 -0.98795,118.007331 -0.996528,117.998089 -0.996528,117.998089 -0.991444,117.966667 -0.991444,117.966667 -0.983333,117.95 -0.983333,117.95 -0.95,117.966667 -0.95,117.966667 -0.833333,117.916667 -0.833333,117.916667 -0.766667,117.966667 -0.766667,117.966667 -0.666667,117.949583 -0.666667,117.949583 -0.658667,117.951944 -0.658667,117.951944 -0.650694,117.955917 -0.650694,117.955917 -0.640333,117.959861 -0.640333,117.959861 -0.629944,117.993917 -0.629944,117.993917 -0.641889,118.02725 -0.641889,118.02725 -0.636306,118.05 -0.636306)),((117.833333 -1.083333,117.833333 -1.2,117.8 -1.2,117.8 -1.216667,117.766667 -1.216667,117.766667 -1.283333,117.75 -1.283333,117.75 -1.3,117.733333 -1.3,117.733333 -1.35,117.716667 -1.35,117.716667 -1.366667,117.683333 -1.366667,117.683333 -1.316667,117.6 -1.316667,117.6 -1.266667,117.65 -1.266667,117.65 -1.216667,117.733333 -1.216667,117.805131 -1.083333,117.833333 -1.083333)))",Kutei basin,Muara Bakau
L100000312895,Muara Enim Block Oil and Gas Project (Indonesia),,oil and gas,Indonesia,,conventional,discovered,,2021,2021,,,PT Trisula CBM Energy,NuEnergy Gas Ltd [40%]; PT Pertamina (Persero) PT [60%],PT Pertamina (Persero) PT [60.0%]; NuEnergy Gas Ltd [40.0%],,,https://www.gem.wiki/Muara_Enim_Block_Oil_and_Gas_Project_(Indonesia),,,,,,unknown,"MULTIPOLYGON (((104.141667 -3.666667,104.141667 -3.703333,104.151944 -3.703333,104.151944 -3.740833,104.143578 -3.740833,104.143578 -3.721033,104.072097 -3.721033,104.072097 -3.85545,104.083611 -3.85545,104.083611 -3.908333,104.025 -3.908333,104.025 -3.91,104.012667 -3.91,104.012667 -3.876956,103.941667 -3.876956,103.941667 -3.822222,104.012667 -3.822222,104.012667 -3.742883,103.980833 -3.742883,103.980833 -3.708694,103.921833 -3.708694,103.921833 -3.66639,103.935447 -3.66639,103.935447 -3.703978,104.0 -3.703978,104.0 -3.7125,104.0 -3.712778,104.11889 -3.712778,104.11889 -3.666667,104.141667 -3.666667)),((104.583333 -3.733333,104.583333 -3.8,104.584464 -3.8,104.584464 -3.803853,104.531136 -3.803853,104.531136 -3.838472,104.53135 -3.868786,104.509264 -3.868786,104.509264 -3.893228,104.490631 -3.893506,104.490631 -3.916981,104.460267 -3.916981,104.460267 -3.933506,104.5 -3.933506,104.5 -4,104.483333 -4,104.483333 -4.013747,104.416667 -4.013534,104.416667 -3.95,104.433333 -3.95,104.433333 -3.933333,104.45 -3.933333,104.45 -3.916667,104.466667 -3.916667,104.466667 -3.883333,104.483333 -3.883333,104.483333 -3.876264,104.488098 -3.876264,104.488106 -3.8,104.5 -3.8,104.5 -3.816667,104.516667 -3.816667,104.516667 -3.8,104.533333 -3.8,104.533333 -3.783333,104.55 -3.783333,104.55 -3.763933,104.578936 -3.763933,104.578936 -3.733333,104.583333 -3.733333)),((104.025 -3.954167,104.025 -4,104.023889 -4,103.990556 -3.975,103.93 -3.974728,103.93 -3.970556,103.921111 -3.970556,103.921111 -3.959167,103.909722 -3.959167,103.909722 -3.970556,103.893889 -3.970556,103.893889 -3.974565,103.874389 -3.974477,103.874389 -3.970139,103.883472 -3.970139,103.883472 -3.922222,103.9075 -3.922222,103.9075 -3.916111,103.924139 -3.916111,103.924139 -3.909778,103.931833 -3.909778,103.931833 -3.897889,103.939889 -3.897889,103.939889 -3.888889,103.979722 -3.888889,103.979722 -3.902833,103.99275 -3.902833,103.99275 -3.91,103.941667 -3.91,103.941667 -3.927778,103.917861 -3.927778,103.917861 -3.954167,104.025 -3.954167)),((104.416667 -3.7,104.416667 -3.714986,104.398853 -3.714986,104.398853 -3.763933,104.466667 -3.763933,104.466667 -3.766667,104.45 -3.766667,104.45 -3.776331,104.438 -3.776331,104.438 -3.78325,104.419 -3.78325,104.419 -3.7871,104.384 -3.7871,104.384 -3.778831,104.378 -3.778831,104.378 -3.771361,104.367078 -3.771361,104.367078 -3.774267,104.363956 -3.774267,104.363956 -3.776864,104.361006 -3.776864,104.361006 -3.779114,104.355803 -3.779114,104.355803 -3.781172,104.349036 -3.781172,104.349036 -3.785172,104.340189 -3.785172,104.340189 -3.788289,104.333422 -3.788289,104.333422 -3.791058,104.326658 -3.791058,104.326658 -3.791528,104.311339 -3.769614,104.321053 -3.769614,104.321053 -3.763303,104.3269 -3.763281,104.3269 -3.758794,104.344431 -3.758794,104.344431 -3.76275,104.371506 -3.76275,104.371506 -3.725522,104.380167 -3.725522,104.380167 -3.715467,104.384717 -3.715467,104.384717 -3.702397,104.395761 -3.702397,104.395761 -3.694369,104.4 -3.694369,104.4 -3.7,104.416667 -3.7)),((104.533333 -4.120619,104.533333 -4.133333,104.533333 -4.150508,104.516667 -4.150305,104.516667 -4.133333,104.4 -4.133333,104.4 -4.12074,104.533333 -4.120619)),((104.616667 -3.933506,104.616667 -3.95,104.583333 -3.95,104.583333 -3.966667,104.55 -3.966667,104.55 -3.95,104.533333 -3.95,104.533333 -3.933506,104.616667 -3.933506)),((103.830556 -3.666389,103.830556 -3.708889,103.803889 -3.708889,103.801111 -3.675,103.781944 -3.675,103.781944 -3.666389,103.830556 -3.666389)))",,Muara Enim
L100000312910,Muara Enim II Block Oil and Gas Project (Indonesia),,oil and gas,Indonesia,,conventional,discovered,,2023,2023,,,Indo CBM Sumbagsel 2,NuEnergy Gas Ltd [30%]; Sugico [30%]; PT Pertamina (Persero) PT [40%],PT Pertamina (Persero) PT [40.0%]; NuEnergy Gas Ltd [30.0%]; Sugico [30.0%],,,https://www.gem.wiki/Muara_Enim_II_Block_Oil_and_Gas_Project_(Indonesia),,-3.6730000,104.1720000,approximate,project level location,onshore,"MULTIPOLYGON (((104.166667 -3.983333,104.166667 -4.016667,104.133333 -4.016667,104.133333 -4,104.116667 -4,104.116667 -3.966667,104.083333 -3.966667,104.083333 -3.983333,104.033333 -3.983333,104.033333 -4,104.025 -4,104.025 -3.954167,103.917861 -3.954167,103.917861 -3.927778,103.941667 -3.927778,103.941667 -3.91,103.99275 -3.91,103.99275 -3.902833,103.979722 -3.902833,103.979722 -3.888889,103.9473 -3.888889,103.9473 -3.877428,104.012667 -3.877428,104.012667 -3.91,104.025 -3.91,104.025 -3.908333,104.083611 -3.908333,104.083611 -3.95,104.1 -3.95,104.1 -3.933333,104.139589 -3.933333,104.139589 -3.950797,104.143425 -3.950797,104.143497 -3.961353,104.150661 -3.961353,104.150661 -3.983333,104.166667 -3.983333)),((104.012667 -3.742883,104.012667 -3.822222,103.941667 -3.822222,103.941667 -3.768539,103.927672 -3.768539,103.927672 -3.732911,103.922131 -3.732911,103.922131 -3.708842,103.83055 -3.708842,103.830556 -3.666389,103.921833 -3.666389,103.921833 -3.708694,103.980833 -3.708694,103.980833 -3.742883,104.012667 -3.742883)),((104.633333 -3.9,104.633333 -3.933333,104.533333 -3.933506,104.533333 -3.916667,104.516667 -3.916667,104.516667 -3.933333,104.460267 -3.933506,104.460267 -3.916981,104.490631 -3.916981,104.490631 -3.893228,104.509264 -3.893228,104.509264 -3.868786,104.53135 -3.868786,104.531406 -3.803822,104.584464 -3.803853,104.584464 -3.8,104.6 -3.8,104.6 -3.833333,104.566667 -3.833333,104.566667 -3.866667,104.583333 -3.866667,104.583333 -3.883333,104.616667 -3.883333,104.616667 -3.9,104.633333 -3.9)),((104.488106 -3.8,104.488106 -3.876264,104.483333 -3.876264,104.483333 -3.85,104.466667 -3.85,104.466667 -3.866667,104.377778 -3.866667,104.377778 -3.7975,104.330833 -3.7975,104.326658 -3.791058,104.333422 -3.791058,104.333422 -3.788289,104.340189 -3.788289,104.340189 -3.785172,104.349036 -3.785172,104.349036 -3.781172,104.355803 -3.781172,104.355803 -3.779114,104.361006 -3.779114,104.361006 -3.776864,104.363956 -3.776864,104.363956 -3.774267,104.367078 -3.774267,104.367078 -3.771361,104.378 -3.771361,104.378 -3.778831,104.384 -3.778831,104.384 -3.7871,104.419 -3.7871,104.419 -3.78325,104.438 -3.78325,104.438 -3.776331,104.45 -3.776331,104.45 -3.783333,104.433333 -3.783333,104.433333 -3.8,104.488106 -3.8)),((104.4 -3.683333,104.4 -3.694369,104.395761 -3.694369,104.395761 -3.702397,104.384717 -3.702397,104.384717 -3.715464,104.380167 -3.715467,104.380167 -3.725522,104.371506 -3.725522,104.371506 -3.762772,104.344431 -3.76275,104.344431 -3.758794,104.3269 -3.758794,104.3269 -3.763303,104.321053 -3.763303,104.321053 -3.769614,104.311339 -3.769614,104.288889 -3.7375,104.3125 -3.658333,104.383333 -3.658333,104.383333 -3.683333,104.4 -3.683333)),((103.816944 -3.859147,103.816944 -3.889722,103.798528 -3.889711,103.798528 -3.846822,103.774411 -3.846822,103.7744 -3.827772,103.743917 -3.827758,103.743917 -3.823369,103.743917 -3.804361,103.757019 -3.804361,103.757019 -3.773689,103.800972 -3.773681,103.800967 -3.800411,103.799853 -3.822606,103.799853 -3.859147,103.816944 -3.859147)),((104.143578 -3.721033,104.143578 -3.740833,104.083611 -3.740833,104.083611 -3.85545,104.072097 -3.85545,104.072097 -3.721033,104.143578 -3.721033)),((104.466667 -3.733333,104.466667 -3.763933,104.398853 -3.763933,104.398853 -3.714986,104.416667 -3.714986,104.416667 -3.716667,104.433333 -3.716667,104.433333 -3.733333,104.466667 -3.733333)),((104.0 -3.666389,104.0 -3.703978,103.935447 -3.703978,103.935447 -3.666389,104.0 -3.666389)),((104.578936 -3.733333,104.578936 -3.763933,104.55 -3.763933,104.55 -3.75,104.566667 -3.75,104.566667 -3.733333,104.578936 -3.733333)),((103.93 -3.970511,103.93 -3.974667,103.893828 -3.974667,103.893828 -3.970511,103.909686 -3.970511,103.909686 -3.959167,103.921097 -3.959167,103.921097 -3.970511,103.93 -3.970511)))",,Muara Enim II
L100000304951,"Mumbai High Oil and Gas Project (Mumbai, India)",,oil and gas,India,Mumbai,conventional,operating,decline,2025,1974,,1976,Oil and Natural Gas Corporation,Oil and Natural Gas Corporation Ltd [100%],Oil and Natural Gas Corporation Ltd [100.0%],,L100000304951,"https://www.gem.wiki/Mumbai_High_Oil_and_Gas_Project_(Mumbai,_India)",Bombay High Field,19.4610000,71.4070000,exact,project level location,offshore,,Mumbai Offshore,Mumbai High
L100000312896,Muralim Block Oil and Gas Project (Indonesia),,oil and gas,Indonesia,,unconventional,,,,,,,Dart Energy (Muralim),NuEnergy Gas Ltd [100%],NuEnergy Gas Ltd [100.0%],,,https://www.gem.wiki/Muralim_Block_Oil_and_Gas_Project_(Indonesia),,-3.3597000,103.5936000,approximate,project level location,onshore,"MULTIPOLYGON (((103.45 -3.35,103.5 -3.350053,103.500033 -3.384422,103.516667 -3.384414,103.516667 -3.433336,103.533333 -3.433336,103.533333 -3.483336,103.597747 -3.483336,103.637528 -3.512028,103.665833 -3.476722,103.630997 -3.416667,103.671944 -3.416667,103.671944 -3.397383,103.733331 -3.450003,103.733331 -3.583328,103.684717 -3.611003,103.629442 -3.560331,103.619811 -3.566669,103.599994 -3.566669,103.599994 -3.550003,103.533328 -3.550003,103.533328 -3.566669,103.516661 -3.566669,103.516661 -3.600003,103.499994 -3.600003,103.499994 -3.644781,103.483803 -3.654889,103.449994 -3.646403,103.449994 -3.633336,103.405469 -3.633336,103.405947 -3.35,103.45 -3.35)))",,Muralim
L100000314042,"Narrabri Gas Project (New South Wales, Australia)",,gas,Australia,New South Wales,unconventional,discovered,,2023,2023,,,Santos,Santos Ltd [100%],Santos Ltd [100.0%],,"L100000320780, L100000314042","https://www.gem.wiki/Narrabri_Gas_Project_(New_South_Wales,_Australia)",,-30.4900000,149.6200000,exact,project level location,onshore,,,
L100000320994,"Narrows Lake Oil Project (Alberta, Canada)",,oil,Canada,Alberta,unconventional,discovered,,2024,2024,,,Cenovus Energy,Cenovus Energy Inc,Cenovus Energy Inc,,L100000320994,"https://www.gem.wiki/Narrows_Lake_Oil_Project_(Alberta,_Canada)",,55.6741000,-110.8366000,approximate,project level location,onshore,,,
L100000312751,NC186 Oil and Gas Project (Libya),,oil and gas,Libya,,conventional,operating,,2017,,,,,,,,"L100000312739, L100000312740, L100000312751, L100000312738, L100000312741",https://www.gem.wiki/NC186_Oil_and_Gas_Project_(Libya),,26.7140000,12.5530000,approximate,project level location,onshore,,Murzuk,
L100000317461,Nene Marine Oil and Gas Project (Republic of the Congo),,oil and gas,Republic of the Congo,,conventional,operating,,2024,2014,,2014,Eni,LUKOIL PJSC [25%]; Eni SpA [65%]; Société Nationale Des Pétroles Du Congo [10%],Eni SpA [65.0%]; LUKOIL PJSC [25.0%]; Société Nationale Des Pétroles Du Congo [10.0%],,"L100000317459, L100000317460, L100000317462",https://www.gem.wiki/Nene_Marine_Oil_and_Gas_Project_(Republic_of_the_Congo),,-4.5487000,11.5845000,approximate,project level location,offshore,,,Marine XII; Marine XII A; Nene Banga
L100000301800,Neptun Deep Gas Project (Romania),,gas,Romania,,conventional,in-development,,2025,2011,2023,,OMV Petrom,OMV AG [50%]; Romgaz [50%],OMV AG [50.0%]; Romgaz [50.0%],,"L100000301746, L100000301810, L100000301800",https://www.gem.wiki/Neptun_Deep_Gas_Project_(Romania),,43.7300000,30.9048000,exact,project level location,offshore,,,XIX Neptun 2
L100000312540,Nimr Oil Project (Oman),نمر,oil,Oman,,conventional,operating,,2023,1980,,1985,Petroleum Development Oman,Petroleum Development Oman LLC [100%],Energy Development Oman SAOC [60.0%]; Shell PLC [34.0%]; small shareholder(s) [6.0%],,L100000312540,https://www.gem.wiki/Nimr_Oil_Project_(Oman),,18.5581000,55.8774000,approximate,project level location,onshore,,,
L100000312605,North Berkine Oil and Gas Project (Algeria),,oil and gas,Algeria,,conventional,operating,,2022,,,2019,Eni,Eni SpA [49%]; Sonatrach SpA [51%],Sonatrach SpA [51.0%]; Eni SpA [49.0%],,"L100000317106, L100000312605, L100000317107, L100000317105",https://www.gem.wiki/North_Berkine_Oil_and_Gas_Project_(Algeria),,26.4178000,9.0796000,approximate,project level location,onshore,,Berkine,
L100000312599,North Caspian Oil and Gas Project (Kazakhstan),Северо-Каспийский проект,oil and gas,Kazakhstan,,conventional,operating,,2020,,,,North Caspian Operating Company,Other [32%]; KMG Kashagan BV [16%]; Exxon Mobil Corp [16%]; Shell PLC [16%]; Eni SpA [16%],Other [32.7%]; KMG Kashagan BV [16.9%]; Eni SpA [16.8%]; Exxon Mobil Corp [16.8%]; Shell PLC [16.8%],,"L100000312599, L100000312592, L100000317108, L100000317109, L100000317110",https://www.gem.wiki/North_Caspian_Oil_and_Gas_Project_(Kazakhstan),,46.3450000,52.6700000,approximate,project level location,offshore,,,
L100000312464,North Field Oil and Gas Project (Qatar),حقل الشمال,oil and gas,Qatar,,conventional,operating,,2025,1971,,1991,QatarEnergy,QatarEnergy [0%],QatarEnergy,,"L100000317563, L100000319038, L100000319005, L100000319037, L100000312479, L100000312480, L100000320692, L100000319027, L100000312478, L100000319035, L100000319036, L100000312467, L100000312477, L100000312476, L100000312472, L100000312464",https://www.gem.wiki/North_Field_Oil_and_Gas_Project_(Qatar),"North Dome, South Pars (Iran)",26.5712000,51.8521000,exact,project level location,offshore,,,North Field Bravo
L100000314069,North Malay Basin (NMB) Integrated Gas Development Oil and Gas Project (Malaysia),,oil and gas,Malaysia,,conventional,operating,,2024,,,2013,Hess,Hess Corp [50%]; Petronas Carigali Sdn Bhd [50%],Hess Corp [50.0%]; Petroliam Nasional Bhd [50.0%],,"L100000317111, L100000317112, L100000314069, L100000320929, L100000317116, L100000317118, L100000320798, L100000317117, L100000311946, L100000317113, L100000317115, L100000317114",https://www.gem.wiki/North_Malay_Basin_(NMB)_Integrated_Gas_Development_Oil_and_Gas_Project_(Malaysia),,6.9813000,103.6441000,approximate,project level location,offshore,,,PM302; PM325; PM326B
L100000324529,"North Rankin Complex Gas and Condensate Project (Western Australia, Australia)",,gas and condensate,Australia,Western Australia,conventional,operating,,2013,,,,Woodside Energy,Japan Australia LNG (MIMI) Pty Ltd [16%]; BP Developments Australia Pty Ltd [16%]; Chevron Australia Pty Ltd [16%]; Shell Australia Pty Ltd [16%]; Woodside Energy Ltd [33%],Woodside Energy Group Ltd [33.3%]; BP PLC [16.7%]; Chevron Corp [16.7%]; Shell PLC [16.7%]; Mitsubishi Corp [8.3%]; Mitsui & Co Ltd [8.3%],,"L100000310045, L100000309991","https://www.gem.wiki/North_Rankin_Complex_Gas_and_Condensate_Project_(Western_Australia,_Australia)",,-19.5907500,116.1321500,approximate,project level location,offshore,,Northern Carnarvon,WA-1-L; WA-2-L; WA-28-P
L100000310809,"North Rankin Gas Project (Western Australia, Australia)",,gas,Australia,Western Australia,,operating,,2023,,,,Woodside Energy,other [16%]; BP Developments Australia Pty Ltd [16%]; Chevron Australia Pty Ltd [16%]; Shell Australia Pty Ltd [16%]; Woodside Energy Ltd [33%],Woodside Energy Group Ltd [33.0%]; BP PLC [16.7%]; Chevron Corp [16.7%]; other [16.7%]; Shell PLC [16.7%],,"L100000310809, L100000310813","https://www.gem.wiki/North_Rankin_Gas_Project_(Western_Australia,_Australia)",,-19.5842000,116.1381000,approximate,project level location,offshore,,,
L100001080246,North Sabah Oil and Gas Project (Malaysia),,oil and gas,Malaysia,,conventional,operating,,2025,,,,SEA Hibiscus,SMJ Energy Sdn Bhd [20%]; SEA Hibiscus Sdn Bhd [50%]; Petronas Carigali Sdn Bhd [30%],Hibiscus Petroleum Bhd [50.0%]; Petroliam Nasional Bhd [30.0%]; SMJ Energy Sdn Bhd [20.0%],,,https://www.gem.wiki/North_Sabah_Oil_and_Gas_Project_(Malaysia),,,,,,offshore,,,North Sabah PSC
L100001055973,Obagi Oil and Gas Project (Nigeria),,oil and gas,Nigeria,,conventional,in-development,,2024,,2024,,TotalEnergies E&P,TotalEnergies EP Nigeria Ltd [40%]; NNPC Ltd [60%],NNPC Ltd [60.0%]; TotalEnergies SE [40.0%],,"L100000311132, L100000311134, L100000311133",https://www.gem.wiki/Obagi_Oil_and_Gas_Project_(Nigeria),,5.2441,6.6605,approximate,location derived from fields,unknown,,,OML 58
L100000311140,Oben/Sapele/Amukpe (Seplat) Oil and Gas Project (Nigeria),,oil and gas,Nigeria,,conventional,operating,,2023,,,,Seplat Energy,NNPC E&P Ltd [55%]; Seplat Energy PLC [45%],Seplat Energy PLC [45.0%]; NNPC Ltd,,"L100001056022, L100001056024",https://www.gem.wiki/Oben/Sapele/Amukpe_(Seplat)_Oil_and_Gas_Project_(Nigeria),,,,,,onshore,,,OML 4; OML 41
L100000311266,Obiafu-Obrikom Oil and Gas Project (Nigeria),,oil and gas,Nigeria,,conventional,mothballed,,2024,,,,Nigerian Agip Oil Company,Nigerian Agip Oil Company Ltd [20%]; Oando Energy Resources Inc [20%]; NNPC Ltd [60%],NNPC Ltd [60.0%]; Oando PLC [20.0%],,"L100000317413, L100000311142, L100000311147",https://www.gem.wiki/Obiafu-Obrikom_Oil_and_Gas_Project_(Nigeria),,5.4174000,6.5945000,exact,project level location,onshore,,,OML 61
L100001062453,Offshore North West Java Oil and Gas Project (Indonesia),,oil and gas,Indonesia,,conventional,operating,,2024,,,,PT Pertamina Hulu Energi ONWJ,PT Pertamina Hulu Energi ONWJ [90%]; PT Migas Hulu Jabar ONWJ [10%],PT Pertamina Hulu Energi ONWJ [90.0%]; PT Migas Hulu Jabar ONWJ [10.0%],,L100000312819,https://www.gem.wiki/Offshore_North_West_Java_Oil_and_Gas_Project_(Indonesia),ONWJ,-5.5980000,107.7240000,approximate,project level location,offshore,"MULTIPOLYGON (((108.413041 -6.395758,108.411621 -6.393607,108.409592 -6.39114,108.406288 -6.387817,108.402008 -6.383125,108.400146 -6.380134,108.398232 -6.376574,108.395439 -6.370948,108.391258 -6.365154,108.387558 -6.361377,108.383339 -6.358403,108.382874 -6.357488,108.381302 -6.354905,108.379967 -6.353299,108.378456 -6.349731,108.377808 -6.346745,108.377274 -6.342947,108.375641 -6.339108,108.373199 -6.335608,108.371231 -6.33314,108.369438 -6.331244,108.368279 -6.329412,108.368263 -6.326131,108.368301 -6.323022,108.367767 -6.319287,108.366661 -6.317104,108.365547 -6.313547,108.365417 -6.309804,108.365921 -6.306634,108.366821 -6.302896,108.367622 -6.301219,108.369164 -6.298911,108.372673 -6.297462,108.374565 -6.296134,108.37455 -6.292906,108.373672 -6.290092,108.372566 -6.288252,108.371002 -6.286826,108.369156 -6.286022,108.367256 -6.285806,108.365929 -6.285176,108.364418 -6.283109,108.363136 -6.280301,108.362259 -6.277595,108.361443 -6.274672,108.361603 -6.272367,108.362968 -6.268966,108.366287 -6.26504,108.370132 -6.261912,108.371216 -6.259666,108.369774 -6.258692,108.368164 -6.259336,108.365692 -6.260437,108.363556 -6.259469,108.362396 -6.258379,108.360382 -6.258163,108.358772 -6.259321,108.356361 -6.26082,108.354286 -6.260775,108.352966 -6.261067,108.352051 -6.262112,108.350319 -6.261887,108.349907 -6.260448,108.349152 -6.258266,108.34816 -6.255912,108.346474 -6.252867,108.345078 -6.249652,108.345123 -6.247926,108.345856 -6.244468,108.346191 -6.242282,108.346344 -6.237971,108.345406 -6.23446,108.344193 -6.234003,108.342758 -6.235452,108.342026 -6.238097,108.341171 -6.241039,108.339058 -6.243696,108.337738 -6.245254,108.33828 -6.250662,108.338821 -6.254225,108.339127 -6.257499,108.3377 -6.261424,108.336563 -6.264357,108.336639 -6.268497,108.337929 -6.272407,108.339615 -6.275912,108.339455 -6.278668,108.337677 -6.280351,108.336121 -6.280181,108.334328 -6.278347,108.333168 -6.276055,108.332237 -6.274614,108.33033 -6.27353,108.329697 -6.27285,108.32917 -6.271753,108.327606 -6.269803,108.326157 -6.267853,108.325684 -6.265555,108.324921 -6.262795,108.322838 -6.261078,108.320358 -6.260344,108.317764 -6.259374,108.315506 -6.25818,108.313141 -6.256976,108.310249 -6.254342,108.308159 -6.251133,108.306419 -6.248667,108.303986 -6.246198,108.301331 -6.245291,108.299034 -6.245706,108.295807 -6.24589,108.293617 -6.245212,108.291138 -6.245047,108.287392 -6.245464,108.28521 -6.246105,108.283485 -6.246866,108.281067 -6.247732,108.277855 -6.24976,108.27504 -6.252017,108.271423 -6.25341,108.267395 -6.254125,108.264572 -6.25413,108.26123 -6.253799,108.257309 -6.252896,108.254478 -6.251988,108.251419 -6.250565,108.249397 -6.249706,108.246803 -6.248339,108.244377 -6.247026,108.2416 -6.245541,108.238945 -6.243423,108.237724 -6.24142,108.237946 -6.239577,108.238228 -6.23796,108.237526 -6.23699,108.235855 -6.23682,108.233788 -6.237001,108.231766 -6.236377,108.230385 -6.236208,108.228073 -6.235873,108.225655 -6.234967,108.224327 -6.23422,108.222824 -6.233192,108.220917 -6.23171,108.219467 -6.230791,108.217735 -6.23034,108.216476 -6.231672,108.216133 -6.232186,108.216255 -6.233054,108.216949 -6.234142,108.218742 -6.235226,108.22094 -6.236311,108.222549 -6.237104,108.224922 -6.23848,108.227341 -6.238987,108.228844 -6.239962,108.229485 -6.241564,108.22892 -6.243125,108.229271 -6.244501,108.230888 -6.244725,108.232323 -6.24455,108.233192 -6.245232,108.232735 -6.246676,108.232109 -6.247541,108.232056 -6.248689,108.233269 -6.249951,108.235352 -6.250746,108.235931 -6.252358,108.235077 -6.253909,108.232552 -6.25519,108.230598 -6.256121,108.22876 -6.257622,108.227379 -6.258665,108.226578 -6.258381,108.226112 -6.257692,108.225472 -6.256885,108.223625 -6.256036,108.221436 -6.255701,108.21965 -6.255765,108.218094 -6.255767,108.216133 -6.255723,108.214058 -6.25555,108.21273 -6.253891,108.211685 -6.252693,108.210411 -6.250852,108.208153 -6.248962,108.206703 -6.247184,108.205544 -6.245353,108.204506 -6.244662,108.203873 -6.245527,108.203537 -6.247658,108.204063 -6.249324,108.205399 -6.251508,108.207253 -6.252998,108.208412 -6.254197,108.208588 -6.255517,108.207504 -6.257022,108.204918 -6.258411,108.201752 -6.25969,108.199394 -6.260104,108.197899 -6.259763,108.196045 -6.258968,108.194664 -6.259089,108.194038 -6.259954,108.19416 -6.261509,108.195557 -6.263856,108.19735 -6.26569,108.200638 -6.267006,108.203514 -6.26682,108.206116 -6.267555,108.206467 -6.269047,108.205147 -6.270551,108.203186 -6.270506,108.201347 -6.270453,108.20015 -6.272698,108.20108 -6.274709,108.201668 -6.276664,108.200523 -6.278457,108.198624 -6.278575,108.196724 -6.278983,108.194313 -6.280952,108.191666 -6.281771,108.188728 -6.281496,108.186256 -6.282027,108.183502 -6.284049,108.181374 -6.285495,108.179192 -6.286018,108.177063 -6.287753,108.176613 -6.28983,108.177025 -6.291269,108.178474 -6.292469,108.180382 -6.293787,108.181992 -6.294581,108.183327 -6.295671,108.183678 -6.297797,108.184669 -6.298886,108.186852 -6.29905,108.189217 -6.29916,108.189796 -6.300418,108.190506 -6.302718,108.19281 -6.303279,108.194878 -6.30224,108.196251 -6.30033,108.197624 -6.298257,108.199348 -6.297903,108.200104 -6.299452,108.199997 -6.30135,108.200989 -6.303307,108.203529 -6.304041,108.204857 -6.30496,108.204575 -6.30588,108.203308 -6.306634,108.201523 -6.306581,108.199738 -6.30613,108.197891 -6.305507,108.19593 -6.305282,108.19455 -6.306441,108.193871 -6.308454,108.193939 -6.310181,108.194122 -6.312486,108.194077 -6.314384,108.19368 -6.315937,108.192879 -6.317379,108.192123 -6.316752,108.191605 -6.315892,108.190964 -6.314397,108.189804 -6.312847,108.187668 -6.312737,108.184563 -6.312869,108.181625 -6.313054,108.178116 -6.313355,108.176727 -6.313358,108.175636 -6.314112,108.173805 -6.316192,108.1726 -6.316195,108.171623 -6.316725,108.171631 -6.318216,108.172554 -6.319992,108.17366 -6.322121,108.173492 -6.323331,108.172401 -6.32339,108.171768 -6.322763,108.170723 -6.321674,108.169571 -6.321099,108.167496 -6.321452,108.165138 -6.322959,108.163246 -6.324641,108.160378 -6.327006,108.158203 -6.329265,108.156311 -6.331516,108.154358 -6.332556,108.151772 -6.333376,108.149071 -6.334711,108.146484 -6.335522,108.14389 -6.336052,108.140846 -6.336644,108.136932 -6.337404,108.133247 -6.338229,108.129158 -6.338644,108.12542 -6.338664,108.121552 -6.33833,108.118156 -6.337999,108.113487 -6.336984,108.108528 -6.335859,108.103218 -6.334497,108.100273 -6.333011,108.096687 -6.330383,108.093567 -6.32792,108.089294 -6.325352,108.087334 -6.3249,108.085548 -6.325308,108.083588 -6.324269,108.082428 -6.32383,108.080353 -6.32326,108.078506 -6.322402,108.077293 -6.321665,108.076309 -6.321263,108.074234 -6.32035,108.071579 -6.319389,108.067482 -6.317617,108.062866 -6.315509,108.057724 -6.313344,108.055649 -6.312494,108.05172 -6.310895,108.047104 -6.308732,108.041679 -6.306105,108.038445 -6.304563,108.034287 -6.302457,108.032608 -6.301654,108.030479 -6.300686,108.027878 -6.299319,108.023781 -6.297556,108.022163 -6.296979,108.019501 -6.294979,108.016205 -6.292,108.013023 -6.289021,108.009323 -6.285932,108.006546 -6.284338,108.002968 -6.282622,108.000313 -6.282059,107.99968 -6.282093,107.997231 -6.280347,107.994469 -6.278301,107.990952 -6.276418,107.988121 -6.275048,107.980103 -6.270148,107.977737 -6.269065,107.973694 -6.267249,107.965912 -6.263089,107.962158 -6.261154,107.957542 -6.258942,107.955238 -6.257858,107.952812 -6.256549,107.947617 -6.253066,107.940582 -6.249246,107.937294 -6.248294,107.93383 -6.247333,107.930954 -6.246542,107.927956 -6.246211,107.924324 -6.245947,107.921791 -6.245732,107.919426 -6.245517,107.91597 -6.245017,107.912048 -6.244294,107.908707 -6.243278,107.906342 -6.242312,107.903458 -6.241467,107.901443 -6.24096,107.893303 -6.238593,107.892838 -6.238305,107.891106 -6.237571,107.890121 -6.236997,107.887932 -6.236148,107.885277 -6.23484,107.883316 -6.233294,107.882217 -6.231347,107.881287 -6.229851,107.879555 -6.228711,107.877831 -6.228203,107.875923 -6.227525,107.875511 -6.225104,107.876488 -6.224124,107.877525 -6.224227,107.878273 -6.224342,107.879143 -6.224338,107.880348 -6.224043,107.881729 -6.223287,107.883514 -6.221887,107.885239 -6.221365,107.886452 -6.221467,107.888237 -6.221631,107.889847 -6.221389,107.892494 -6.22051,107.893814 -6.219699,107.895767 -6.218245,107.896461 -6.217319,107.896515 -6.216397,107.895706 -6.215651,107.894722 -6.215374,107.89357 -6.214684,107.893166 -6.21417,107.892357 -6.213659,107.891151 -6.213547,107.889763 -6.213788,107.888733 -6.214317,107.887405 -6.214666,107.886139 -6.214392,107.885162 -6.214044,107.884293 -6.213884,107.883141 -6.213998,107.881935 -6.214239,107.880608 -6.21419,107.879745 -6.213905,107.879166 -6.213338,107.878349 -6.211154,107.878914 -6.207229,107.879486 -6.204922,107.879997 -6.202678,107.881027 -6.200594,107.882919 -6.197992,107.883781 -6.196551,107.884232 -6.19372,107.883484 -6.192747,107.882156 -6.192003,107.881058 -6.191438,107.879791 -6.19035,107.878922 -6.189604,107.877304 -6.188291,107.876091 -6.187375,107.874245 -6.185892,107.872803 -6.184,107.872162 -6.182855,107.871124 -6.181938,107.870087 -6.181996,107.869797 -6.182405,107.870033 -6.184075,107.870438 -6.184824,107.870903 -6.185509,107.871132 -6.186194,107.871078 -6.187234,107.870796 -6.188275,107.870224 -6.18891,107.869591 -6.188624,107.869301 -6.18811,107.869179 -6.186899,107.869118 -6.185689,107.868881 -6.184252,107.868073 -6.183452,107.867554 -6.183626,107.867332 -6.184783,107.867737 -6.186454,107.867867 -6.18996,107.867638 -6.192149,107.867477 -6.194689,107.867653 -6.197047,107.867828 -6.198773,107.867607 -6.200563,107.866577 -6.202873,107.864792 -6.204092,107.86261 -6.204509,107.861282 -6.20475,107.85984 -6.205163,107.857605 -6.206673,107.8564 -6.208061,107.855309 -6.209567,107.854042 -6.210205,107.852142 -6.210213,107.850754 -6.209415,107.849884 -6.207864,107.849419 -6.206492,107.848785 -6.204706,107.848259 -6.202693,107.847328 -6.199244,107.847092 -6.197283,107.84726 -6.195385,107.848167 -6.192497,107.849487 -6.190476,107.850517 -6.188573,107.850342 -6.186784,107.849533 -6.18564,107.848206 -6.185131,107.846649 -6.185192,107.844063 -6.185963,107.841934 -6.186379,107.838936 -6.186564,107.835999 -6.186522,107.833405 -6.186543,107.831047 -6.186382,107.828682 -6.18548,107.826538 -6.18313,107.825554 -6.181119,107.822433 -6.178484,107.819672 -6.178795,107.817772 -6.179843,107.815537 -6.181407,107.813698 -6.182916,107.811745 -6.184886,107.810425 -6.187025,107.810081 -6.189159,107.810608 -6.191173,107.810616 -6.192502,107.809921 -6.193653,107.807159 -6.195057,107.804916 -6.195121,107.802841 -6.195139,107.800941 -6.19578,107.799393 -6.196881,107.798302 -6.198332,107.797035 -6.199549,107.795143 -6.200714,107.793358 -6.201183,107.791397 -6.201255,107.789093 -6.200633,107.786613 -6.200589,107.78437 -6.201124,107.782356 -6.202226,107.780693 -6.203391,107.778679 -6.204674,107.775398 -6.20561,107.771942 -6.205635,107.767792 -6.205888,107.764801 -6.206652,107.760948 -6.207889,107.757668 -6.209747,107.754051 -6.214039,107.752098 -6.21675,107.750031 -6.219073,107.746704 -6.222143,107.743309 -6.224065,107.739914 -6.225581,107.736176 -6.227098,107.733757 -6.228437,107.730133 -6.230361,107.726051 -6.232114,107.722885 -6.232824,107.71833 -6.232799,107.714531 -6.232246,107.711014 -6.231169,107.708878 -6.230148,107.705994 -6.228208,107.704315 -6.22695,107.701897 -6.225063,107.699699 -6.22312,107.69854 -6.221797,107.69664 -6.220603,107.694618 -6.220675,107.693413 -6.221485,107.693245 -6.221603,107.692375 -6.221897,107.691055 -6.221785,107.690247 -6.222023,107.689446 -6.222606,107.689102 -6.223294,107.688988 -6.224216,107.688988 -6.224967,107.689224 -6.226466,107.68969 -6.227784,107.689926 -6.229509,107.689873 -6.231245,107.689476 -6.232512,107.688667 -6.234241,107.687347 -6.235693,107.684769 -6.238064,107.683159 -6.239518,107.680855 -6.2412,107.677521 -6.243239,107.674988 -6.244408,107.672112 -6.244764,107.666641 -6.244797,107.663643 -6.244648,107.657478 -6.243645,107.654709 -6.242166,107.653435 -6.241078,107.651649 -6.239359,107.649742 -6.237072,107.648064 -6.23472,107.64679 -6.232656,107.646149 -6.231737,107.644478 -6.229503,107.643257 -6.227376,107.641808 -6.224047,107.640999 -6.222089,107.640183 -6.219851,107.639771 -6.217141,107.640068 -6.215838,107.640457 -6.214146,107.641144 -6.212932,107.64241 -6.212231,107.642639 -6.21194,107.642921 -6.211017,107.642746 -6.210557,107.642227 -6.209818,107.641533 -6.209414,107.640266 -6.209248,107.639343 -6.209316,107.637962 -6.209376,107.636467 -6.20922,107.634789 -6.208649,107.633469 -6.208086,107.631447 -6.207118,107.630234 -6.206256,107.628326 -6.204023,107.627403 -6.202472,107.626297 -6.200525,107.625145 -6.198225,107.6241 -6.195699,107.622818 -6.192369,107.622009 -6.190701,107.621086 -6.189385,107.619873 -6.189219,107.617561 -6.187964,107.616531 -6.188429,107.615669 -6.189184,107.614861 -6.189937,107.613541 -6.190983,107.610435 -6.192325,107.606804 -6.192115,107.60421 -6.191901,107.600815 -6.191518,107.597122 -6.190965,107.592628 -6.19019,107.588303 -6.189404,107.584152 -6.18851,107.580757 -6.187956,107.576202 -6.186828,107.568413 -6.183022,107.564087 -6.180745,107.561836 -6.180068,107.558609 -6.179965,107.556419 -6.179866,107.553429 -6.179482,107.55204 -6.179144,107.549278 -6.178352,107.547714 -6.177907,107.544205 -6.177634,107.541031 -6.176681,107.535149 -6.175098,107.531631 -6.174138,107.528229 -6.172607,107.525177 -6.171418,107.520332 -6.169081,107.51519 -6.166175,107.510002 -6.163333,107.505325 -6.160706,107.499908 -6.158144,107.495117 -6.156105,107.489578 -6.153834,107.486061 -6.152476,107.481567 -6.151059,107.47805 -6.149466,107.47493 -6.14788,107.470718 -6.145657,107.467659 -6.143889,107.465004 -6.141714,107.462753 -6.139021,107.460785 -6.136445,107.458298 -6.13294,107.456215 -6.130075,107.452217 -6.122844,107.450539 -6.119914,107.448631 -6.116994,107.445969 -6.112514,107.443878 -6.108555,107.4422 -6.105625,107.441101 -6.103732,107.440292 -6.102298,107.438957 -6.099945,107.437279 -6.097187,107.435249 -6.093346,107.433052 -6.089324,107.431023 -6.085302,107.429573 -6.082606,107.427437 -6.078937,107.425758 -6.07635,107.422806 -6.072856,107.42067 -6.070281,107.414879 -6.061557,107.412796 -6.058114,107.411179 -6.05484,107.40921 -6.051803,107.407532 -6.048927,107.405212 -6.045258,107.402435 -6.040381,107.400696 -6.037053,107.397568 -6.03131,107.39566 -6.028327,107.392418 -6.023396,107.390396 -6.020414,107.387733 -6.01634,107.3853 -6.013531,107.3834 -6.011985,107.381668 -6.010212,107.379234 -6.007638,107.377159 -6.005107,107.374672 -6.001846,107.373062 -6.00006,107.370079 -5.997137,107.367714 -5.995426,107.365005 -5.993774,107.362358 -5.992064,107.359642 -5.99001,107.357277 -5.987839,107.354851 -5.985438,107.351433 -5.98149,107.348717 -5.978803,107.343346 -5.974177,107.338806 -5.970688,107.334351 -5.967617,107.329216 -5.964541,107.32502 -5.962554,107.320068 -5.960857,107.315811 -5.959502,107.311905 -5.958375,107.30851 -5.957647,107.305412 -5.956975,107.302711 -5.956646,107.299667 -5.956722,107.295654 -5.956975,107.2929 -5.956934,107.289742 -5.95701,107.286072 -5.957089,107.280968 -5.957349,107.277069 -5.957603,107.273567 -5.957911,107.269615 -5.958336,107.266403 -5.958758,107.263992 -5.959232,107.261765 -5.96005,107.259132 -5.961331,107.256676 -5.962495,107.253471 -5.963894,107.250786 -5.965348,107.248444 -5.966914,107.246155 -5.967906,107.243469 -5.969014,107.240257 -5.970125,107.237053 -5.971294,107.23381 -5.972418,107.23053 -5.973173,107.226341 -5.973945,107.22377 -5.975053,107.221481 -5.975814,107.218903 -5.976577,107.215691 -5.977113,107.21254 -5.977477,107.208183 -5.97825,107.205605 -5.978898,107.202805 -5.979892,107.201035 -5.981052,107.197777 -5.983142,107.195892 -5.984188,107.191887 -5.985764,107.188797 -5.986278,107.186783 -5.986542,107.183342 -5.986907,107.18026 -5.98708,107.176865 -5.987233,107.174622 -5.987188,107.172386 -5.987029,107.16951 -5.986816,107.166931 -5.986486,107.164001 -5.985871,107.163479 -5.985794,107.159859 -5.985262,107.154289 -5.983915,107.148598 -5.982396,107.145714 -5.981205,107.139267 -5.978195,107.134659 -5.975347,107.131889 -5.973466,107.127739 -5.9705,107.121841 -5.965014,107.116801 -5.958695,107.116226 -5.957916,107.11367 -5.953619,107.111404 -5.949319,107.109482 -5.945937,107.107803 -5.943187,107.10582 -5.939518,107.104362 -5.936192,107.103302 -5.932775,107.100883 -5.930922,107.09848 -5.931338,107.09613 -5.932674,107.093033 -5.932635,107.089417 -5.931679,107.086479 -5.931064,107.083153 -5.931256,107.080544 -5.931582,107.080639 -5.896086,107.148017 -5.896317,107.147897 -5.850722,107.130069 -5.850664,107.130128 -5.841756,107.112044 -5.841678,107.112114 -5.833067,107.094092 -5.819897,107.094083 -5.823533,107.085122 -5.823519,107.085144 -5.814361,107.066911 -5.8143,107.075869 -5.841564,107.030744 -5.841417,107.030586 -5.886744,107.016669 -5.886694,107.016669 -5.866667,106.949722 -5.866669,106.949997 -5.899997,106.916664 -5.9,106.916664 -5.916664,106.883331 -5.916664,106.883331 -5.933336,106.849997 -5.933333,106.849997 -5.966667,106.833336 -5.966667,106.833336 -6.033333,106.816664 -6.033331,106.816664 -6.066664,106.849997 -6.066669,106.849997 -6.083333,106.866667 -6.083336,106.866667 -6.108333,106.783331 -6.105836,106.783333 -6.066047,106.797406 -6.066106,106.797803 -5.967158,106.786558 -5.967114,106.786703 -5.930961,106.795581 -5.930994,106.79565 -5.913222,106.813925 -5.913322,106.814083 -5.903828,106.822889 -5.9038,106.822925 -5.894922,106.831792 -5.894958,106.831825 -5.886142,106.850225 -5.886158,106.850261 -5.876622,106.859278 -5.876647,106.859247 -5.858964,106.940286 -5.859167,106.940317 -5.850425,106.949706 -5.850386,106.949794 -5.841533,106.958694 -5.841514,106.958692 -5.833331,106.966672 -5.833331,106.966667 -5.783331,107.016669 -5.783336,107.016639 -5.75425,107.085344 -5.754519,107.085211 -5.796447,107.139386 -5.796628,107.139511 -5.760458,107.220833 -5.760833,107.221389 -5.570833,107.194264 -5.570736,107.194319 -5.552622,107.016678 -5.552081,107.016669 -5.466669,106.966667 -5.466664,106.966667 -5.35,107.033331 -5.35,107.033331 -5.333336,107.300003 -5.333333,107.299844 -5.670528,107.327928 -5.670617,107.328058 -5.600014,107.356161 -5.599994,107.356075 -5.625164,107.371247 -5.625214,107.371144 -5.67075,107.383106 -5.670783,107.382972 -5.715747,107.428489 -5.715867,107.428611 -5.670833,107.419764 -5.670911,107.419864 -5.634836,107.401536 -5.634786,107.401639 -5.598728,107.39215 -5.598703,107.392181 -5.589839,107.428181 -5.589936,107.428139 -5.607644,107.473633 -5.607775,107.473503 -5.652706,107.455781 -5.652642,107.455642 -5.707075,107.536525 -5.707269,107.5365 -5.725647,107.563947 -5.725708,107.563972 -5.716844,107.599622 -5.716869,107.5996 -5.725797,107.626861 -5.725961,107.626625 -5.780256,107.662703 -5.780361,107.662881 -5.725956,107.690044 -5.726019,107.689931 -5.770956,107.744906 -5.771069,107.744867 -5.789475,107.789089 -5.789572,107.789108 -5.798383,107.808081 -5.798422,107.808036 -5.807911,107.816625 -5.806981,107.816586 -5.816539,107.879864 -5.816678,107.879806 -5.82575,107.915928 -5.825786,107.915867 -5.856767,107.879783 -5.856758,107.87975 -5.843786,107.81655 -5.843639,107.816439 -5.870758,107.906842 -5.870994,107.906772 -5.880683,107.982558 -5.880744,107.982339 -5.970642,108.060244 -5.970781,108.060414 -5.871267,108.159786 -5.871406,108.159758 -5.889525,108.233328 -5.889469,108.233328 -5.934864,108.168722 -5.934769,108.168531 -6.061372,108.213528 -6.061439,108.213514 -6.070514,108.267983 -6.070589,108.267958 -6.088764,108.313347 -6.088822,108.313336 -6.097925,108.330961 -6.097947,108.330822 -6.206442,108.421092 -6.206547,108.421133 -6.152022,108.430761 -6.152033,108.430828 -6.095844,108.484808 -6.095853,108.484764 -6.143231,108.520919 -6.143264,108.52085 -6.216661,108.466667 -6.216664,108.466667 -6.266667,108.550003 -6.266672,108.550003 -6.3,108.616667 -6.3,108.616667 -6.35,108.602117 -6.349908,108.602056 -6.42375,108.710447 -6.42375,108.710603 -6.369575,108.746792 -6.369594,108.782519 -6.401175,108.782519 -6.405792,108.783086 -6.460081,108.692478 -6.460044,108.69245 -6.505269,108.656267 -6.505247,108.656242 -6.541433,108.545303 -6.541344,108.538842 -6.484264,108.538553 -6.423814,108.556828 -6.423831,108.556872 -6.369683,108.529639 -6.369661,108.529672 -6.333447,108.484167 -6.333403,108.484131 -6.369617,108.457242 -6.369589,108.457211 -6.396494,108.417075 -6.39645,108.413041 -6.395758)),((106.5 -5.000003,106.555936 -5.0123,106.555656 -5.062531,106.591556 -5.062864,106.591186 -5.171544,106.627047 -5.171681,106.626944 -5.198428,106.654425 -5.198542,106.654436 -5.207744,106.681117 -5.207842,106.681033 -5.234456,106.686856 -5.234486,106.686661 -5.288953,106.599914 -5.288622,106.599633 -5.361364,106.616819 -5.361431,106.616667 -5.45,106.5 -5.449997,106.5 -5.000003)))",Northwest Java,Offshore North West Java
L100001056042,Ohuru-Obuzo-Ngbok Oil and Gas Project (Nigeria),,oil and gas,Nigeria,,conventional,in-development,,2024,,2024,,,,,,"L100000317420, L100000317421",https://www.gem.wiki/Ohuru-Obuzo-Ngbok_Oil_and_Gas_Project_(Nigeria),,4.9598,7.3646,approximate,location derived from fields,unknown,,,OML 11
L100001055979,Oki-Oziengbe South Oil and Gas Project (Nigeria),,oil and gas,Nigeria,,conventional,in-development,,2024,,2024,,,,,,"L100000311214, L100000311676",https://www.gem.wiki/Oki-Oziengbe_South_Oil_and_Gas_Project_(Nigeria),,6.1086,5.2042,approximate,location derived from fields,unknown,,,OML 111; OML 148; OPL 274
L100001061726,Okoloma-Obeakpu Oil and Gas Project (Nigeria),,oil and gas,Nigeria,,,in-development,,2024,,2024,,,,,,,https://www.gem.wiki/Okoloma-Obeakpu_Oil_and_Gas_Project_(Nigeria),,,,,,onshore,,,OML 11
L100000317172,Olomoro-Oleh Oil Project (Nigeria),,oil,Nigeria,,conventional,in-development,,2024,1962,2024,1963,Heritage Energy Operational Services,Shoreline Natural Resources Ltd [55%]; NNPC E&P Ltd [45%],Heritage Oil Ltd; NNPC Ltd; Shoreline Power Co Ltd,,"L100000317172, L100000311179, L100000311601",https://www.gem.wiki/Olomoro-Oleh_Oil_Project_(Nigeria),,5.4630000,6.1740000,approximate,project level location,onshore,,,OML 30; OML 61
L100000312423,"Onshore Neutral Zone Oil and Gas Project (Kuwait, Saudi Arabia)",,oil and gas,Kuwait,,,operating,,2020,1948,,,Al-Khafji Joint Operations; Wafra Joint Operations,,,,"L100000312423, L100000312403, L100000312404, L100000312406","https://www.gem.wiki/Onshore_Neutral_Zone_Oil_and_Gas_Project_(Kuwait,_Saudi_Arabia)",,28.4473000,47.8621000,approximate,project level location,onshore,,,
L100000323392,"Orca Oil and Gas Project (Rio de Janeiro, Brazil)",Gato do Mato,oil and gas,Brazil,Rio de Janeiro,conventional,in-development,,2025,,2025,,Shell Brasil Petroleo,Shell PLC [50%]; Ecopetrol SA [30%]; TotalEnergies SE [20%],Shell PLC [50.0%]; Ecopetrol SA [30.0%]; TotalEnergies SE [20.0%],,"L100000312174, L100000312173, L100000323392","https://www.gem.wiki/Orca_Oil_and_Gas_Project_(Rio_de_Janeiro,_Brazil)",Gato do Mato,-25.0000000,-43.0300000,approximate,project level location,onshore,,Santos,BM-S-54; Sul de Gato do Mato
L100000312043,"Orenburgskoye Oil and Gas Project (Orenburg region, Russia)",Оренбургское,oil and gas,Russia,Orenburg region,conventional,operating,,2023,1966,,1974,Gazprom dobycha Orenburg,Gazprom dobycha Orenburg LLC [100%],Gazprom [100.0%],,"L100000312043, L100000312113","https://www.gem.wiki/Orenburgskoye_Oil_and_Gas_Project_(Orenburg_region,_Russia)",,51.0290000,55.0650000,exact,project level location,onshore,,Pre-Caspian,
L100000309197,Oritupano-Leona Oil and Gas Project (Venezuela),Oritupano-Leona,oil and gas,Venezuela,,,operating,,2018,,,,Petrokariña,Anadarko [18%]; Petróleos de Venezuela SA [60%]; Integra Oil and Gas SAS [22%],Petróleos de Venezuela SA [60.0%]; Integra Oil and Gas SAS [22.0%]; Occidental Petroleum Corp [18.0%],,"L100000305195, L100000305200, L100000309197",https://www.gem.wiki/Oritupano-Leona_Oil_and_Gas_Project_(Venezuela),,9.0319000,-63.5514000,exact,project level location,onshore,,Maturin,Oritupano-Leona
L100000317522,Paddavissie Fairway Oil and Gas Project (South Africa),,oil and gas,South Africa,,conventional,discovered,,2022,2022,,,TotalEnergies,CNR International (UK) Ltd [20%]; QatarEnergy [25%]; TotalEnergies SE [45%]; Main Street [10%],TotalEnergies SE [45.0%]; QatarEnergy [25.0%]; Africa Energy Corp [4.9%]; Canadian Natural Resources Ltd,,"L100000313107, L100000317522, L100000313108",https://www.gem.wiki/Paddavissie_Fairway_Oil_and_Gas_Project_(South_Africa),,-35.4540000,22.9390000,approximate,project level location,offshore,,Outeniqua,11B/12B
L100000317532,PAJ Oil and Gas Project (Angola),,oil and gas,Angola,,conventional,discovered,,2024,2005,,,Azule Energy Holdings,Other [4%]; China Petrochemical Corp [8%]; Equinor ASA [13%]; BP PLC [26%]; Sonangol EP [45%],Sonangol EP [45.0%]; BP PLC [26.7%]; Equinor ASA [13.3%]; China Petrochemical Corp [8.3%]; Other [4.7%],,L100000317532,https://www.gem.wiki/PAJ_Oil_and_Gas_Project_(Angola),Palas-Astraea-Juno,-6.1041000,10.6341000,approximate,project level location,offshore,,,Block 31
L100000305033,"Panna-Mukta Oil and Gas Project (Mahrashtra, India)",,oil and gas,India,Mahrashtra,conventional,operating,decline,2024,1976,,1994,Oil and Natural Gas Corporation,Oil and Natural Gas Corporation Ltd [100%],Oil and Natural Gas Corporation Ltd [100.0%],,L100000305033,"https://www.gem.wiki/Panna-Mukta_Oil_and_Gas_Project_(Mahrashtra,_India)",,19.4054000,71.9597000,exact,project level location,offshore,,,Panna-Mukta
L100000320344,"Parque das Baleias Oil and Gas Project (Espírito Santo, Brazil)",Parque das Baleias,oil and gas,Brazil,Espírito Santo,mixed,operating,,2023,,,,Petróleo Brasileiro,Petróleo Brasileiro SA [100%],Petróleo Brasileiro SA [100.0%],,"L100000300076, L100000302675, L100000302674, L100000300230, L100000320344, L100000300113, L100000300331, L100000300046","https://www.gem.wiki/Parque_das_Baleias_Oil_and_Gas_Project_(Espírito_Santo,_Brazil)",,-21.4100000,-40.1000000,approximate,project level location,offshore,,Campos,
L100001061661,Parsi-Paranj Redevelopment Oil Project (Iran),,oil,Iran,,conventional,operating,,2025,,,,Aghajari Oil and Gas Production,National Iranian Oil Co [100%],National Iranian Oil Co [100.0%],,"L100001061662, L100000312229",https://www.gem.wiki/Parsi-Paranj_Redevelopment_Oil_Project_(Iran),,31.0109,49.88685,approximate,location derived from fields,onshore,,,
L100000324238,Payara-Pacora Oil and Gas Project (Guyana),,oil and gas,Guyana,,conventional,operating,,2024,,,,ExxonMobil Guyana,CNOOC Petroleum Guyana Ltd [25%]; Hess Guyana Exploration Ltd [30%]; ExxonMobil Guyana Ltd [45%],Hess Corp [30.0%]; China National Offshore Oil Corp; Exxon Mobil Corp,,"L100000313082, L100000313087",https://www.gem.wiki/Payara-Pacora_Oil_and_Gas_Project_(Guyana),,8.2603055,-56.9821756,approximate,location derived from fields,offshore,,,Stabroek Block
L100000312807,Pazflor Oil Project (Angola),,oil,Angola,,conventional,operating,,2023,2008,2007,2011,TotalEnergies E&P Angola,Esso Exploration Angola (block 17) Ltd [20%]; Equinor ASA [23%]; TotalEnergies E&P Angola [40%]; Azule Energy Holdings Ltd [16%],TotalEnergies SE [40.0%]; Equinor ASA [23.3%]; Exxon Mobil Corp [20.0%]; BP PLC; Eni SpA,,"L100000312806, L100000312807, L100000312770, L100000312752, L100000312791, L100000312805",https://www.gem.wiki/Pazflor_Oil_Project_(Angola),,-7.5630000,12.1271000,approximate,project level location,offshore,,,Block 17
L100000309321,"Peace River Area 2 Area - Scheme 10557J Oil Sands Oil Project (Alberta, Canada)",,oil,Canada,Alberta,unconventional,operating,,2020,,,,Canadian Natural Upgrading,,,,L100000309321,"https://www.gem.wiki/Peace_River_Area_2_Area_-_Scheme_10557J_Oil_Sands_Oil_Project_(Alberta,_Canada)",,56.3140000,-116.6050000,exact,project level location,onshore,,,
L100000309342,"Peace River Area 2 Area - Scheme 11060K Oil Sands Oil Project (Alberta, Canada)",,oil,Canada,Alberta,unconventional,operating,,2020,,,,Obsidian Energy,,,,L100000309342,"https://www.gem.wiki/Peace_River_Area_2_Area_-_Scheme_11060K_Oil_Sands_Oil_Project_(Alberta,_Canada)",,56.1400000,-116.6720000,exact,project level location,onshore,,,
L100000309353,"Peace River Area 2 Area - Scheme 11306D Oil Sands Oil Project (Alberta, Canada)",,oil,Canada,Alberta,unconventional,operating,,2020,,,,Baytex Energy,,,,L100000309353,"https://www.gem.wiki/Peace_River_Area_2_Area_-_Scheme_11306D_Oil_Sands_Oil_Project_(Alberta,_Canada)",,56.2560000,-116.8220000,exact,project level location,onshore,,,
L100000309511,"Peace River Area 2 Area - Scheme 8143FF Oil Sands Oil Project (Alberta, Canada)",,oil,Canada,Alberta,unconventional,operating,,2020,,,,Canadian Natural Upgrading,,,,L100000309511,"https://www.gem.wiki/Peace_River_Area_2_Area_-_Scheme_8143FF_Oil_Sands_Oil_Project_(Alberta,_Canada)",,56.3580000,-116.7680000,exact,project level location,onshore,,,
L100000319537,"Phoenix Oil Project (Alaska, United States)",,oil,United States,Alaska,unconventional,in-development,,2025,,2025,,88 Energy,88 Energy [75%],88 Energy [75.2%],,,"https://www.gem.wiki/Phoenix_Oil_Project_(Alaska,_United_States)",Icewine East,69.8886000,-148.8035000,approximate,project level location,onshore,,,North Slope
L100000320989,"Pike 1 Oil Project (Alberta, Canada)",,oil,Canada,Alberta,unconventional,in-development,,2024,,2023,,Canadian Natural Resources,BP PLC [50%]; Canadian Natural Resources Ltd [50%],BP PLC [50.0%]; Canadian Natural Resources Ltd [50.0%],,,"https://www.gem.wiki/Pike_1_Oil_Project_(Alberta,_Canada)",,55.4415000,-110.8290000,approximate,project level location,onshore,,,
L100001055776,Pit-Baksha Oil and Gas Project (Mexico),,oil and gas,Mexico,,conventional,in-development,,2023,,,,Petróleos Mexicanos,Petróleos Mexicanos EPE,Petróleos Mexicanos EPE,,L100000302690,https://www.gem.wiki/Pit-Baksha_Oil_and_Gas_Project_(Mexico),,19.8023,-92.3413,approximate,location derived from fields,offshore,,Sureste,
L100000312792,Platina Oil Project (Angola),,oil,Angola,,conventional,operating,,2024,1999,,2021,BP Angola,Sonangol Sinopec International Ltd [54%]; BP PLC [46%],BP PLC [46.0%]; China Petroleum & Chemical Corp [29.7%]; China Sonangol International Holding Ltd [24.3%],,,https://www.gem.wiki/Platina_Oil_Project_(Angola),,-7.7701000,11.8852000,exact,project level location,offshore,,,Block 18
L100000324536,"Pluto LNG Gas Project (Western Australia, Australia)",,gas,Australia,Western Australia,conventional,operating,,2024,,,,Woodside Energy,,,,L100000310157,"https://www.gem.wiki/Pluto_LNG_Gas_Project_(Western_Australia,_Australia)",,-20.6095798,116.7750316,exact,project level location,onshore,,Northern Carnarvon,WA-34-L
L100000324182,"PM3 CAA Oil and Gas Project (Malaysia, Vietnam)",,oil and gas,Malaysia,,conventional,operating,,2025,,,,Hibiscus Oil & Gas Malaysia,Petronas Carigali Sdn Bhd [35%]; Hibiscus Oil & Gas Malaysia Ltd [35%]; PetroVietnam Exploration Production Corporation Ltd [30%],Hibiscus Petroleum Bhd [35.0%]; Petroliam Nasional Bhd [35.0%]; PetroVietnam Exploration Production Corporation Ltd [30.0%],,"L100000320831, L100000312057, L100000320640","https://www.gem.wiki/PM3_CAA_Oil_and_Gas_Project_(Malaysia,_Vietnam)",,7.0590391,104.0178665,approximate,project level location,offshore,,,PM3 CAA; PM3-CAA
L100000324426,PM8/Seligi Oil and Gas Project (Malaysia),,oil and gas,Malaysia,,conventional,operating,,2024,,,,Enquest,Enquest PLC [50%]; Petronas Carigali Sdn Bhd [50%],Enquest PLC [50.0%]; Petroliam Nasional Bhd [50.0%],,L100000320797,https://www.gem.wiki/PM8/Seligi_Oil_and_Gas_Project_(Malaysia),,5.4617000,105.5012000,approximate,project level location,offshore,,,PM8E
L100001055766,Polok-Chinwol Oil Project (Mexico),,oil,Mexico,,,discovered,advanced,2025,2022,,,Repsol,Repsol SA [46%]; Harbour Energy PLC [25%]; Petroliam Nasional Bhd [28%],Repsol SA [46.7%]; Petroliam Nasional Bhd [28.3%]; Harbour Energy PLC [25.0%],,"L100000313919, L100000313920",https://www.gem.wiki/Polok-Chinwol_Oil_Project_(Mexico),,18.9547068,-93.9792581,exact,project level location,offshore,,Salinas-Sureste,Block 29; R02-L04-A29
L100000324537,"Prelude FLNG Gas and Condensate Project (Western Australia, Australia)",,gas and condensate,Australia,Western Australia,conventional,operating,,2025,,2011,,Shell,INPEX Corp [17%]; Overseas Petroleum and Investment Corp [5%]; Korea Gas Corp [10%]; Shell PLC [67%],Shell PLC [67.5%]; INPEX Corp [17.5%]; Korea Gas Corp [10.0%]; U.S. International Development Finance Corp [5.0%]; CPC Corporation Taiwan; Genel Energy PLC,,L100000310170,"https://www.gem.wiki/Prelude_FLNG_Gas_and_Condensate_Project_(Western_Australia,_Australia)",,-15.2539252,123.5381736,exact,project level location,offshore,,Browse,WA-44-L
L100000320693,Pre-Unayzah Gas Project (Bahrain),,gas,Bahrain,,unconventional,discovered,,2022,2018,,,Tatweer Petroleum,Tatweer Petroleum [0%],Nogaholdings,,"L100000320694, L100000320695, L100000320693",https://www.gem.wiki/Pre-Unayzah_Gas_Project_(Bahrain),,26.0329000,50.5457000,approximate,project level location,onshore,,,
L100000318599,"Priobskoye Oil Project (Khanty-Mansi Autonomous Okrug, Russia)",Приобское,oil,Russia,Khanty-Mansi Autonomous Okrug,conventional,operating,,2023,1982,,,,,,,"L100000312109, L100000318599, L100000312437","https://www.gem.wiki/Priobskoye_Oil_Project_(Khanty-Mansi_Autonomous_Okrug,_Russia)",,61.1676000,70.2191000,exact,project level location,onshore,,West Siberian,Chaprovsky; Priobsky; Prirazlomny; Sakhalinsky; Yuzhno-Priobsky; Zapadno-Erginsky
L100000313122,Prosperidade Gas Project (Mozambique),,gas,Mozambique,,conventional,discovered,,2019,2019,,,TotalEnergies,TotalEnergies SE [26%]; ENH Rovuma Área Um SA [15%]; ONGC Videsh Rovuma Ltd [10%]; Other [28%]; Mitsui E&P Mozambique Area1 Ltd [20%],Other [28.5%]; TotalEnergies SE [26.5%]; Mitsui & Co Ltd [20.0%]; Empresa Nacional de Hidrocarbonetos de Mozambique [15.0%]; Oil and Natural Gas Corporation (ONGC) [10.0%],,"L100000317119, L100000317121, L100000317123, L100000313122, L100000317120, L100000317122",https://www.gem.wiki/Prosperidade_Gas_Project_(Mozambique),,-10.7333000,40.8687000,approximate,project level location,offshore,,Rovuma,Area 1
L100000312997,"Prudhoe Bay Satellite Oil and Gas Project (Alaska, United States)",,oil and gas,United States,Alaska,,operating,,2021,,,,Hilcorp North Slope,Hilcorp Alaska LLC [26%]; Chevron Corp [1%]; ConocoPhillips Corp [36%]; Exxon Mobil Corp [36%],Exxon Mobil Corp [36.4%]; ConocoPhillips Corp [36.1%]; Chevron Corp [1.1%]; Hilcorp Energy Co,,,"https://www.gem.wiki/Prudhoe_Bay_Satellite_Oil_and_Gas_Project_(Alaska,_United_States)",,70.2222000,-148.4529000,approximate,project level location,onshore,,,
L100000312816,PSVM Oil and Gas Project (Angola),,oil and gas,Angola,,conventional,operating,,2022,,2008,2013,Azule Energy Holdings,Eni SpA [15%]; Equinor ASA [15%]; other [20%]; Sinopec International [10%]; Sonangol EP [40%],Sonangol EP [40.0%]; other [20.0%]; Eni SpA [15.0%]; Equinor ASA [15.0%]; SINOPEC [10.0%],,"L100000312781, L100000312816, L100000312793, L100000312798, L100000312803",https://www.gem.wiki/PSVM_Oil_and_Gas_Project_(Angola),,-6.1041000,10.6341000,exact,project level location,offshore,,,Block 31
L100000318957,"Qikou 18-1 Oil and Gas Project (Shandong, China)",歧口18-1,oil and gas,China,Shandong,conventional,operating,,2025,1992,,1997,CNOOC,CNOOC Ltd [100%],CNOOC Ltd [100.0%],,"L100000318955, L100000318956, L100000318957","https://www.gem.wiki/Qikou_18-1_Oil_and_Gas_Project_(Shandong,_China)",,38.6500130,117.9604660,exact,project level location,offshore,,Bohai Bay,
L100000310832,"Qinghai Oil and Gas Project (Qinghai, China)",青海,oil and gas,China,Qinghai,mixed,operating,,2025,1958,,1959,PetroChina Qinghai Oilfield,PetroChina Qinghai Oilfield Co [100%],PetroChina Co Ltd [100.0%],,"L100000310832, L100000310842, L100000310841, L100000321396, L100000321398, L100000321392, L100000321394, L100000321399, L100000321397, L100000321393","https://www.gem.wiki/Qinghai_Oil_and_Gas_Project_(Qinghai,_China)",,38.2842000,90.9099000,exact,project level location,onshore,,Qaidam,
L100000317465,Quiluma/Maboqueiro Gas Project (Angola),,gas,Angola,,conventional,operating,ramp up,2025,,2022,2025,Azule Energy Holdings,Sonangol EP [19%]; TotalEnergies SE [11%]; Azule Energy Holdings Ltd [37%]; Cabinda Gulf Oil [TO BE DELETED] Co Ltd [31%],Chevron Corp [31.0%]; Sonangol EP [19.8%]; TotalEnergies SE [11.8%]; BP PLC; Eni SpA,,"L100001081837, L100001081838",https://www.gem.wiki/Quiluma/Maboqueiro_Gas_Project_(Angola),Northern Gas Complex,-6.4551000,12.0862000,exact,project level location,offshore,,,Block 2
L100000312542,Rabab Harweel Integrated Oil and Gas Project (Oman),رباب - هرويل,oil and gas,Oman,,conventional,operating,,2024,,2013,2019,Petroleum Development Oman,Petroleum Development Oman LLC [100%],Energy Development Oman SAOC [60.0%]; Shell PLC [34.0%]; small shareholder(s) [6.0%],,L100000312542,https://www.gem.wiki/Rabab_Harweel_Integrated_Oil_and_Gas_Project_(Oman),,18.0292000,54.6425000,exact,project level location,onshore,,,Block 6
L100000312682,Reggane Nord Gas Project (Algeria),,gas,Algeria,,conventional,operating,,2021,,,2017,Groupement Reggane-Nord,Sonatrach SpA [40%]; Dea Deutsche Erdoel AG [30%]; Repsol SA [29%],Sonatrach SpA [40.0%]; Repsol SA [29.3%]; BASF SE [22.4%]; Letterone Investment Holdings SA,,"L100000312656, L100000317130, L100000317131, L100000317132, L100000317129, L100000312665, L100000312682",https://www.gem.wiki/Reggane_Nord_Gas_Project_(Algeria),Reggane,27.0202000,-0.5903000,exact,project level location,onshore,,Berkine,352c; Blocks 351c
L100000312670,Rhourde Oulad Djemma (ROD) Oil Project (Algeria),,oil,Algeria,,conventional,operating,,2021,1997,,2003,Eni,BHP [0%]; Sonatrach SpA [0%]; Eni SpA [0%],BHP Group Ltd; Eni SpA; Sonatrach SpA,,"L100000317135, L100000317133, L100000312670, L100000317134, L100000317139, L100000317140, L100000317136, L100000317137, L100000317138",https://www.gem.wiki/Rhourde_Oulad_Djemma_(ROD)_Oil_Project_(Algeria),,31.2413000,9.0450000,approximate,project level location,onshore,,,
L100000305018,"RJ-ON/6 Oil and Gas Project (Rajasthan, India)",,oil and gas,India,Rajasthan,conventional,operating,,2017,2006,,,Focus Energy,Iservices Investment Ltd [45%]; Focus Energy Ltd [7%]; Newbury Oil Co Ltd [17%]; Oil and Natural Gas Corporation Ltd [30%],Indus Gas Ltd [63.0%]; Oil and Natural Gas Corporation Ltd [30.0%]; Focus Energy Ltd [7.0%],,"L100000318252, L100001063997","https://www.gem.wiki/RJ-ON/6_Oil_and_Gas_Project_(Rajasthan,_India)",,26.5400000,73.6700000,approximate,project level location,onshore,,Rajasthan,RJ-ON/6
L100000324216,Rokan Block Oil and Gas Project (Indonesia),,oil and gas,Indonesia,,mixed,operating,,2024,1940,,,PT Pertamina Hulu Rokan,PT Pertamina Hulu Rokan [90%]; PT Riau Petroleum Rokan [10%],PT Pertamina Hulu Rokan [90.0%]; PT Riau Petroleum Rokan [10.0%],,"L100000312832, L100000312823, L100000312848",https://www.gem.wiki/Rokan_Block_Oil_and_Gas_Project_(Indonesia),,0.7700000,101.4400000,approximate,project level location,onshore,"MULTIPOLYGON (((100.683333 2.0,100.826956 1.806838,101.05294 1.686819,101.138056 1.616389,101.25442 1.358857,101.298412 1.42634,101.333333 1.364524,101.333333 1.233333,101.4 1.233333,101.4 1.15,101.416667 1.15,101.416667 1.1,101.4 1.1,101.4 0.933333,101.433333 0.933333,101.433333 0.916667,101.466667 0.916667,101.466667 0.9,101.483333 0.9,101.483333 0.833333,101.500278 0.833333,101.5 0.816667,101.516667 0.816667,101.516667 0.766667,101.55 0.766667,101.55 0.683333,101.533333 0.683333,101.533333 0.65,101.453238 0.65,101.383333 0.661944,101.391334 0.704724,101.196079 0.86943,101.09248 0.751664,101.264847 0.601455,101.259115 0.601447,101.259115 0.603109,101.253757 0.603109,101.253757 0.605902,101.245016 0.605902,101.245065 0.600318,101.230704 0.600318,101.230704 0.605862,101.219152 0.605827,101.219187 0.613078,101.208381 0.613114,101.208358 0.607177,101.197236 0.607205,101.197236 0.601294,101.19298 0.601331,101.192962 0.597535,101.174342 0.597535,101.174342 0.592916,101.156251 0.592908,101.156251 0.585774,101.149773 0.585774,101.149773 0.583068,101.130093 0.582986,101.130093 0.588808,101.086223 0.588808,101.086223 0.576416,101.066667 0.576389,101.066667 0.583333,101.004631 0.583333,101.004631 0.586614,101.0 0.586614,101.0 0.6,100.966667 0.6,100.966667 0.616667,100.835417 0.616667,100.770018 0.67806,100.85 0.75,100.85 0.733333,100.933333 0.733336,100.933333 0.716667,100.966667 0.716667,100.966667 0.7,100.983333 0.7,100.983333 0.666667,101.0 0.666667,101.0 0.65,101.033333 0.65,101.033333 0.733333,101.05 0.733333,101.05 0.85,101.016667 0.85,101.016667 0.9,100.95 0.9,100.95 0.966667,100.883333 0.966667,100.801959 1.042747,100.85 1.083333,100.916667 1.083333,100.916667 1.016667,101.05 1.016667,101.05 1.133333,101.000278 1.133333,101.0 1.2,100.85 1.2,100.7403 1.30661,100.869451 1.432431,100.771407 1.483814,100.750022 1.659353,100.659367 1.783333,100.766667 1.783333,100.766667 1.833333,100.75 1.833333,100.75 1.85,100.733333 1.85,100.733333 1.866667,100.716667 1.866667,100.716667 1.883333,100.6 1.883333,100.6 1.9,100.583333 1.9,100.583333 1.933333,100.566944 1.933333,100.566667 1.95,100.55 1.95,100.55 2.0,100.683333 2.0)),((100.483333 1.783333,100.45 1.783333,100.45 1.816667,100.483333 1.816667,100.483333 1.783333)))",,Rokan
L100000317998,Rosmari-Marjoram Gas Project (Malaysia),,gas,Malaysia,,conventional,in-development,,2025,2014,2022,,Sarawak Shell,Petronas Carigali Sdn Bhd [20%]; Shell PLC [80%],Shell PLC [80.0%]; Petroliam Nasional Bhd [20.0%],,"L100000312085, L100000312079",https://www.gem.wiki/Rosmari-Marjoram_Gas_Project_(Malaysia),,5.3393040,112.8906650,approximate,project level location,offshore,,,Block SK318
L100000321059,Rospan Oil and Gas Project (Russia),газовый проект «Роспан»,oil and gas,Russia,,,operating,,2021,,,2021,Rospan International,Rospan International JSC [100%],Rosneft PJSC [100.0%],,,https://www.gem.wiki/Rospan_Oil_and_Gas_Project_(Russia),,65.9854000,77.1646000,approximate,project level location,onshore,,Bolshoi Urengoy,
L100000324165,Ruby Oil and Gas Project (Trinidad and Tobago),,oil and gas,Trinidad and Tobago,,conventional,operating,,2025,2006,2019,2021,Perenco T&T,National Gas Company of Trinidad and Tobago Ltd [31%]; Perenco T&T [68%],Perenco SA [68.5%]; National Gas Company of Trinidad and Tobago Ltd [31.5%],,"L100000310913, L100000318406",https://www.gem.wiki/Ruby_Oil_and_Gas_Project_(Trinidad_and_Tobago),,10.7396500,-60.5307500,approximate,project level location,offshore,,,Block 3(a)
L100000312306,Rumaitha/Shanayel Oil Project (United Arab Emirates),,oil,United Arab Emirates,,conventional,operating,,2019,1964,,1984,Abu Dhabi Company for Onshore Oil Operations (ADNOC),Other [12%]; BP PLC [10%]; China National Petroleum Corp [8%]; TotalEnergies SE [10%]; Abu Dhabi National Oil Co [60%],Abu Dhabi National Oil Co [60.0%]; Other [12.0%]; BP PLC [10.0%]; TotalEnergies SE [10.0%]; China National Petroleum Corp [8.0%],,,https://www.gem.wiki/Rumaitha/Shanayel_Oil_Project_(United_Arab_Emirates),,24.0260000,54.3280000,approximate,project level location,onshore,,,
L100000319017,Sacha Oil and Gas Project (Ecuador),Activo Sacha,oil and gas,Ecuador,,conventional,operating,,2018,,,,EP Petroecuador,,,,L100000319017,https://www.gem.wiki/Sacha_Oil_and_Gas_Project_(Ecuador),,,,,,onshore,,,B60 - SACHA
L100000312455,Sakhalin-1 Oil and Gas Project (Russia),Сахалин-1,oil and gas,Russia,,conventional,operating,,2021,,,2005,Sakhalin-1,Sakhalin-1 LLC [100%],Rosneft PJSC [50.0%]; SODECO [30.0%]; Oil and Natural Gas Corporation Ltd [20.0%],,"L100000318594, L100000312454, L100000312455",https://www.gem.wiki/Sakhalin-1_Oil_and_Gas_Project_(Russia),,52.3765000,143.9549000,approximate,project level location,offshore,,Okhotsk,Odoptu-more
L100000312456,Sakhalin-2 Oil and Gas Project (Russia),Сахалин-2,oil and gas,Russia,,conventional,operating,,2023,,,1999,Sakhalinskaya Energiya,Sakhalinskaya Energiya LLC [100%],Gazprom [77.5%]; Mitsui & Co Ltd [12.5%]; Mitsubishi Corp [10.0%],,"L100000312456, L100000312118, L100000312119",https://www.gem.wiki/Sakhalin-2_Oil_and_Gas_Project_(Russia),,53.0833000,143.7920000,approximate,project level location,offshore,,Okhotsk,Lunsky (Sakhalin-2); Piltun-Astokhsky (Sakhalin-2)
L100000324723,"Salamanca Oil and Gas Project (Federal Offshore, United States)",,oil and gas,United States,Federal Offshore,conventional,operating,ramp up,2025,,,2025,LLOG Exploration Offshore,LLOG Exploration Offshore LLC; Beacon Offshore Energy; Repsol SA [2%],Repsol SA [2.5%]; Blackstone Energy Partners; LLOG Exploration Offshore LLC,,"L100000319532, L100000319540","https://www.gem.wiki/Salamanca_Oil_and_Gas_Project_(Federal_Offshore,_United_States)",,26.2889000,-92.6458500,approximate,project level location,offshore,,,KC642; KC736
L100000318121,Salam-Patawali Oil and Gas Project (Malaysia),,oil and gas,Malaysia,,conventional,discovered,,2024,2018,,,ConocoPhillips,ConocoPhillips Corp [50%]; Petroliam Nasional Bhd [50%],ConocoPhillips Corp [50.0%]; Petroliam Nasional Bhd [50.0%],,L100000318121,https://www.gem.wiki/Salam-Patawali_Oil_and_Gas_Project_(Malaysia),,4.2012000,111.7643000,exact,project level location,offshore,,,WL4-00
L100000318581,"Salymsky Oil Project (Khanty-Mansi Autonomous Okrug, Russia)",Салымский проект,oil,Russia,Khanty-Mansi Autonomous Okrug,conventional,operating,,2020,,,,Salym Petroleum Development,Salym Petroleum Development LLC [100%],Gazprom [95.7%],,"L100000318581, L100000312110, L100000312501, L100000312584","https://www.gem.wiki/Salymsky_Oil_Project_(Khanty-Mansi_Autonomous_Okrug,_Russia)",Salym project,60.4506000,70.8822000,approximate,project level location,onshore,,West Siberian,Verkhne-Salymskoye; Zapadno-Salymsky
L100001062766,Sampang Block Oil and Gas Project (Indonesia),,oil and gas,Indonesia,,conventional,operating,,2024,,,,MedcoEnergi Sampang,Cue Sampang Energy Pty Ltd [15%]; Singapore Petroleum Co Ltd [40%]; MedcoEnergi Sampang Pty Ltd [45%],MedcoEnergi Sampang Pty Ltd [45.0%]; PetroChina Co Ltd [40.0%]; Cue Sampang Energy Pty Ltd [15.0%],,L100000312891,https://www.gem.wiki/Sampang_Block_Oil_and_Gas_Project_(Indonesia),,-7.2999,113.4553,approximate,location derived from fields,offshore,"MULTIPOLYGON (((113.129881 -7.351242,113.089297 -7.396128,113.065833 -7.4025,113.05 -7.425728,113.0 -7.425728,113.0 -7.416667,113.033333 -7.416667,113.033333 -7.383333,113.0 -7.383333,112.933333 -7.4,112.933333 -7.416667,112.9 -7.416667,112.9 -7.433333,112.863611 -7.433333,112.863611 -7.37425,112.884656 -7.374153,112.884656 -7.369461,112.911617 -7.369461,112.911617 -7.359486,112.920531 -7.359486,113.01045 -7.359069,113.01045 -7.328258,112.992839 -7.328447,112.992839 -7.314678,113.011486 -7.295853,113.111222 -7.295425,113.111269 -7.304303,113.129658 -7.304303,113.129881 -7.351242)),((113.427333 -7.233333,113.427333 -7.312975,113.355556 -7.312869,113.333333 -7.331208,113.318719 -7.331208,113.263917 -7.295814,113.209494 -7.260708,113.209494 -7.233333,113.427333 -7.233333)),((113.743869 -7.297714,113.743869 -7.305833,113.717222 -7.305833,113.717222 -7.320128,113.644444 -7.320128,113.644444 -7.335169,113.580833 -7.335169,113.580833 -7.302617,113.643128 -7.302617,113.643128 -7.283333,113.683333 -7.283333,113.683333 -7.297714,113.743869 -7.297714)),((113.877222 -7.32825,113.877222 -7.351217,113.853639 -7.350667,113.853639 -7.351217,113.853417 -7.346031,113.834797 -7.346031,113.834831 -7.341183,113.825614 -7.341183,113.825614 -7.324022,113.852856 -7.324022,113.852856 -7.32825,113.877222 -7.32825)))",,Sampang
L100001062462,Sanga-Sanga Block Oil and Gas Project (Indonesia),,oil and gas,Indonesia,,conventional,operating,,2024,,,,PT Pertamina Hulu Sanga Sanga,PT Pertamina Hulu Sanga Sanga [100%],PT Pertamina Hulu Sanga Sanga [100.0%],,"L100001062518, L100000312850, L100000312821",https://www.gem.wiki/Sanga-Sanga_Block_Oil_and_Gas_Project_(Indonesia),,-0.4570000,117.3380000,approximate,project level location,onshore,"MULTIPOLYGON (((116.9 -1.083333,116.916667 -1.083333,116.916667 -1.066667,116.966667 -1.066667,116.966667 -1.05,116.983333 -1.05,116.983333 -0.983333,117.016667 -0.983333,117.016667 -0.966667,117.033333 -0.966667,117.033333 -0.933333,117.05 -0.933333,117.05 -0.916667,117.066667 -0.916667,117.066667 -0.883333,117.1 -0.883333,117.1 -0.866667,117.116667 -0.866667,117.116667 -0.85,117.133333 -0.85,117.133333 -0.833333,117.15 -0.833333,117.15 -0.8,117.166667 -0.8,117.166667 -0.783333,117.183333 -0.783333,117.183333 -0.716667,117.2 -0.716667,117.2 -0.683333,117.216667 -0.683333,117.216667 -0.666667,117.233333 -0.666667,117.233333 -0.616667,117.25 -0.616667,117.25 -0.583333,117.266667 -0.583333,117.266667 -0.55,117.283333 -0.55,117.283333 -0.4,117.266667 -0.4,117.266667 -0.333333,117.266667 -0.3,117.283333 -0.3,117.283333 -0.25,117.25 -0.25,117.25 -0.216667,117.3 -0.216667,117.3 -0.2,117.316667 -0.2,117.316667 -0.166667,117.333333 -0.166667,117.333333 -0.116667,117.35 -0.116667,117.35 -0.083333,117.366667 -0.083333,117.366667 -0.05,117.383333 -0.05,117.383333 -0.033333,117.4 -0.033333,117.4 0.0,117.516667 0.0,117.516667 -0.033333,117.5 -0.033333,117.499861 -0.065306,117.49045 -0.0658,117.49045 -0.070756,117.481039 -0.070756,117.481522 -0.083333,117.477217 -0.083331,117.477217 -0.097997,117.4746 -0.097997,117.4746 -0.119297,117.470142 -0.119297,117.470142 -0.132672,117.464197 -0.132672,117.464197 -0.144064,117.460792 -0.144064,117.460236 -0.160403,117.457261 -0.160411,117.457261 -0.174278,117.450822 -0.174278,117.450822 -0.184681,117.444883 -0.184681,117.444883 -0.215392,117.437944 -0.215392,117.437944 -0.222822,117.424281 -0.222822,117.424281 -0.271211,117.423544 -0.27119,117.424072 -0.272104,117.425446 -0.274484,117.427729 -0.278122,117.430677 -0.282622,117.433055 -0.28626,117.435242 -0.288845,117.438571 -0.293058,117.442281 -0.297558,117.444754 -0.300718,117.446466 -0.302632,117.449224 -0.305218,117.451316 -0.306462,117.451982 -0.311154,117.450841 -0.31393,117.4497 -0.316707,117.449034 -0.318335,117.448178 -0.32159,117.447703 -0.324463,117.447513 -0.326186,117.447989 -0.328867,117.44932 -0.33375,117.450271 -0.335952,117.451223 -0.339208,117.451508 -0.341123,117.451603 -0.343995,117.451984 -0.346963,117.451984 -0.349931,117.452365 -0.352229,117.45265 -0.355102,117.453316 -0.357017,117.454743 -0.360272,117.456074 -0.362474,117.457025 -0.363719,117.458737 -0.364676,117.46102 -0.365633,117.462922 -0.367165,117.464159 -0.368889,117.464825 -0.370995,117.464825 -0.373101,117.465015 -0.376644,117.46492 -0.379229,117.46454 -0.382102,117.463732 -0.384965,117.462305 -0.387358,117.460165 -0.389752,117.456837 -0.390231,117.453746 -0.388795,117.452081 -0.386641,117.448514 -0.384965,117.446374 -0.383769,117.443046 -0.383529,117.439717 -0.38353,117.437101 -0.384727,117.435199 -0.386881,117.434724 -0.389753,117.436151 -0.392147,117.436151 -0.394541,117.4352 -0.396216,117.432109 -0.397174,117.430207 -0.399807,117.429018 -0.40268,117.429732 -0.405552,117.430683 -0.409142,117.431396 -0.412494,117.430445 -0.415845,117.430921 -0.418478,117.43211 -0.420393,117.434488 -0.421589,117.436152 -0.422786,117.437579 -0.424701,117.437579 -0.427573,117.436628 -0.429967,117.435202 -0.431403,117.432348 -0.431643,117.429733 -0.431164,117.42688 -0.431165,117.425215 -0.432601,117.424264 -0.434995,117.425453 -0.437149,117.427356 -0.439064,117.431636 -0.439063,117.434013 -0.439063,117.435202 -0.440739,117.436391 -0.442893,117.438531 -0.443132,117.440909 -0.441217,117.443762 -0.440499,117.444238 -0.443132,117.444951 -0.445765,117.44828 -0.447201,117.450896 -0.448637,117.453749 -0.450073,117.455176 -0.453424,117.454225 -0.461563,117.451135 -0.468505,117.445191 -0.475686,117.438771 -0.483346,117.437107 -0.487655,117.438059 -0.492682,117.438297 -0.498426,117.436395 -0.504411,117.432591 -0.513986,117.429976 -0.517816,117.429025 -0.520688,117.424983 -0.525476,117.420228 -0.529545,117.416186 -0.534572,117.411669 -0.542951,117.401445 -0.546542,117.398354 -0.546542,117.389794 -0.551809,117.383612 -0.559708,117.371962 -0.57096,117.366969 -0.574072,117.362926 -0.575269,117.35936 -0.575269,117.355793 -0.576466,117.351513 -0.577663,117.349135 -0.579578,117.348422 -0.582451,117.350087 -0.584366,117.347947 -0.585323,117.344296 -0.584845,117.3438 -0.585019,117.336183 -0.587704,117.325403 -0.591636,117.325403 -0.607925,117.316667 -0.607925,117.316667 -0.641222,117.308706 -0.641222,117.308706 -0.716506,117.289432 -0.716506,117.289378 -0.716667,117.28707 -0.723487,117.28707 -0.729591,117.286001 -0.74144,117.284575 -0.744671,117.283148 -0.749698,117.283149 -0.760829,117.282793 -0.77555,117.280297 -0.785245,117.278158 -0.796017,117.272451 -0.805353,117.263178 -0.81038,117.252689 -0.813842,117.250434 -0.836867,117.251037 -0.852489,117.250322 -0.866667,117.25 -0.866667,117.249597 -0.866667,117.249597 -0.905292,117.233333 -0.905292,117.233333 -0.916667,117.216667 -0.916667,117.216667 -0.933333,117.15 -0.933333,117.15 -0.95,117.133333 -0.95,117.133333 -0.983333,117.116667 -0.983333,117.116667 -1,117.083333 -1,117.083333 -1.016667,117.066667 -1.016667,117.066667 -1.059678,117.064242 -1.059678,117.064242 -1.058439,117.061272 -1.058439,117.061272 -1.057094,117.0583 -1.057094,117.0583 -1.055719,117.055328 -1.055719,117.055328 -1.054372,117.051936 -1.054372,117.051936 -1.052792,117.048722 -1.052792,117.048722 -1.051336,117.046247 -1.051336,117.046247 -1.050183,117.043603 -1.050183,117.043603 -1.055772,117.041411 -1.055772,117.041411 -1.062011,117.0397 -1.062011,117.0397 -1.065953,117.037003 -1.065953,117.037003 -1.086147,117.039131 -1.086147,117.039131 -1.085306,117.043058 -1.085306,117.043058 -1.083747,117.045967 -1.083747,117.045967 -1.081839,117.048606 -1.081839,117.048606 -1.089547,117.046489 -1.089547,117.046489 -1.094669,117.048033 -1.094669,117.048033 -1.1,117.05 -1.1,117.05 -1.116667,117.033333 -1.116667,117.033333 -1.133333,117.016667 -1.133333,117.016667 -1.183333,117.0 -1.183333,117.0 -1.2,116.983333 -1.2,116.983333 -1.233333,116.933333 -1.233333,116.933333 -1.183334,116.939253 -1.183333,116.939253 -1.116531,116.921733 -1.116531,116.921733 -1.112122,116.914883 -1.112122,116.914883 -1.107703,116.908192 -1.107703,116.908192 -1.1,116.9 -1.1,116.9 -1.083333)))",Kutei,Sanga Sanga; Sanga-Sanga; Sanga-Sanga Block
L100000317961,Sao Vang-Dai Nguyet Gas Project (Vietnam),,gas,Vietnam,,conventional,operating,,2021,2004,,2020,Idemitsu Gas Production,Idemitsu E&P [43%]; Vietnam Oil and Gas Group Co [20%]; INPEX Corp [36%],Idemitsu Kosan Co Ltd [43.1%]; INPEX Corp [36.9%]; Vietnam Oil and Gas Group Co [20.0%],,"L100000317992, L100000317961",https://www.gem.wiki/Sao_Vang-Dai_Nguyet_Gas_Project_(Vietnam),,8.5521000,108.4522000,exact,project level location,offshore,,,Block 05-1b; Block 05-1c
L100000320787,"Sapphire Gas Project (Queensland, Australia)",,gas,Australia,Queensland,unconventional,discovered,,2023,2023,,,Blue Energy,Blue Energy Ltd [100%],Blue Energy Ltd [100.0%],,L100000320787,"https://www.gem.wiki/Sapphire_Gas_Project_(Queensland,_Australia)",,-21.9735000,148.4121000,approximate,project level location,onshore,,Bowen,ATP814P
L100001063693,Sea Lion Oil and Gas Project (Falkland Islands),,oil and gas,Falkland Islands,,,in-development,actual,2025,2010,2025,,Navitas Petroleum,Rockhopper Exploration [35%]; Navitas Petroleum [65%],Navitas Petroleum [65.0%]; Rockhopper Exploration PLC [35.0%],,,https://www.gem.wiki/Sea_Lion_Oil_and_Gas_Project_(Falkland_Islands),,-49.2800000,-59.1400000,exact,project level location,offshore,,North Falkland,PL004b; PL032
L100000310842,"Sebei Gas Project (Qinghai, China)",涩北,gas,China,Qinghai,conventional,operating,,2024,1964,,1974,PetroChina Qianhai Oilfield,PetroChina Qianhai Oilfield Co [100%],PetroChina Co Ltd [100.0%],,"L100000322544, L100000322543, L100000321400","https://www.gem.wiki/Sebei_Gas_Project_(Qinghai,_China)",,37.2900000,94.1960000,exact,project level location,onshore,,Qaidam,
L100000324223,Senoro-Toili Oil and Gas Project (Indonesia),,oil and gas,Indonesia,,conventional,operating,,2024,1999,2011,2015,JOB Pertamina - Medco E&P Tomori Sulawesi,Tomori E&P Ltd [20%]; PT Medco E&P Tomori Sulawesi [30%]; PT Pertamina Hulu Energi Tomori Sulawesi [50%],PT Pertamina Hulu Energi Tomori Sulawesi [50.0%]; PT Medco E&P Tomori Sulawesi [30.0%]; Kogas [10.0%]; Mitsubishi Corp [10.0%],,"L100001062170, L100000312856",https://www.gem.wiki/Senoro-Toili_Oil_and_Gas_Project_(Indonesia),,-1.4600000,122.3900000,approximate,project level location,onshore,"MULTIPOLYGON (((122.08333 -1.7,122.11667 -1.7,122.11667 -1.71667,122.13333 -1.71667,122.13333 -1.73333,122.15 -1.73333,122.15 -1.78333,122.13333 -1.78333,122.13333 -1.8,122.1 -1.8,122.1 -1.81667,122.08333 -1.81667,122.08333 -1.83333,122.03333 -1.83333,122.03333 -1.85,122.01667 -1.85,122.01667 -1.86667,122.0 -1.86667,122.0 -1.88333,121.98333 -1.88333,121.98333 -1.9,121.96667 -1.9,121.96667 -1.91667,121.93333 -1.91667,121.93333 -1.9,121.91667 -1.9,121.91667 -1.85,121.93333 -1.85,121.93333 -1.83333,121.95 -1.83333,121.95 -1.81667,121.96667 -1.81667,121.96667 -1.8,121.98333 -1.8,121.98333 -1.78333,122.0 -1.78333,122.0 -1.76667,122.01667 -1.76667,122.01667 -1.75,122.05 -1.75,122.05 -1.73333,122.06667 -1.73333,122.06667 -1.71667,122.08333 -1.71667,122.08333 -1.7)),((122.43333 -1.33333,122.5 -1.33333,122.5 -1.41667,122.48333 -1.41667,122.48333 -1.43333,122.46667 -1.43333,122.46667 -1.45,122.43333 -1.45,122.43333 -1.46667,122.41667 -1.46667,122.41667 -1.48333,122.4 -1.48333,122.4 -1.5,122.36667 -1.5,122.36667 -1.48333,122.33333 -1.48333,122.33333 -1.43333,122.35 -1.43333,122.35 -1.41667,122.36667 -1.41667,122.36667 -1.4,122.41667 -1.4,122.41667 -1.36667,122.43333 -1.36667,122.43333 -1.33333)))",,Senoro-Toili
L100000324830,Sergipe-Alagoas Deepwater Oil and Gas Project (Brazil),,oil and gas,Brazil,,conventional,in-development,actual,2025,,2025,,,,,,"L100000320324, L100000320326, L100000320325",https://www.gem.wiki/Sergipe-Alagoas_Deepwater_Oil_and_Gas_Project_(Brazil),Sergipe Deepwater Project II,-11.2136333,-36.4606333,approximate,location derived from fields,offshore,,Sergipe,
L100000323373,"Severo-Urengoyskoye Oil and Gas Project (Yamalo-Nenets Autonomous Okrug, Russia)",Северо-Уренгойское,oil and gas,Russia,Yamalo-Nenets Autonomous Okrug,conventional,operating,,2023,,,,,,,,"L100000312097, L100000323372, L100000323373","https://www.gem.wiki/Severo-Urengoyskoye_Oil_and_Gas_Project_(Yamalo-Nenets_Autonomous_Okrug,_Russia)","North Urengoyskoye, Urengoyskoye Severnoye",67.4610000,77.1560000,exact,project level location,onshore,,West Siberian; Bolshoi Urengoy,Severo-Urengoyskoye field; Severo-Urengoyskoye field (Cenomanian deposits)
L100000320625,Shafag-Asiman Oil and Gas Project (Azerbaijan),,oil and gas,Azerbaijan,,conventional,discovered,,2024,1961,,,BP,State Oil Company of Azerbaijan Republic [50%]; BP PLC [50%],BP PLC [50.0%]; State Oil Company of Azerbaijan Republic [50.0%],,L100000320625,https://www.gem.wiki/Shafag-Asiman_Oil_and_Gas_Project_(Azerbaijan),"D8, D10",39.28,50.99,approximate,project level location,offshore,,,Shafag-Asiman
L100000312923,Shah Deniz Oil and Gas Project (Azerbaijan),Şahdəniz,oil and gas,Azerbaijan,,conventional,operating,,2025,1999,,2006,BP,BP PLC [29%]; MVM Zrt [5%]; National Iranian Oil Co [10%]; Türkiye Petrolleri Anonim Ortakligi [19%]; LUKOIL PJSC [19%]; Southern Gas Corridor CJSC [16%],BP PLC [30.0%]; LUKOIL PJSC [20.0%]; Türkiye Petrolleri Anonim Ortakligi [19.0%]; National Iranian Oil Co [10.0%]; Government of Azerbaijan [8.2%]; State Oil Company of Azerbaijan Republic [7.8%]; MVM Zrt [5.0%],,"L100001082606, L100001082607, L100001082605",https://www.gem.wiki/Shah_Deniz_Oil_and_Gas_Project_(Azerbaijan),King Sea,39.9370000,50.3770000,exact,project level location,offshore,,,Shah Deniz
L100000310833,"Shengli Oil Project (Shandong, China)",胜利,oil,China,Shandong,conventional,operating,,2025,1961,,1964,Sinopec Shengli Oilfield,Sinopec Shengli Oilfield Co [100%],Sinopec Corp [100.0%],,"L100000318961, L100000317141, L100000317143, L100000310833, L100000317144, L100000317142, L100000321262","https://www.gem.wiki/Shengli_Oil_Project_(Shandong,_China)",,37.4886000,118.5197000,exact,project level location,onshore,,Junggar,
L100000314098,Shwe Gas Project (Myanmar),,gas,Myanmar,,conventional,operating,,2023,2004,,2013,POSCO Daewoo International,Korea Gas Corp [8%]; POSCO DAEWOO Corp [51%]; ONGC Videsh Ltd [17%]; GAIL (India) Ltd [8%]; Myanmar Oil and Gas Enterprise [15%],POSCO Group [51.0%]; Oil and Natural Gas Corporation Ltd [17.0%]; GAIL (India) Ltd [8.5%]; Korea Gas Corp [8.5%]; Government of Myanmar; Myanmar Oil and Gas Enterprise,,,https://www.gem.wiki/Shwe_Gas_Project_(Myanmar),,19.36,92.55,exact,project level location,offshore,,,blocks A-1 and A-3
L100000318158,Siakap North-Petai Oil and Gas Project (Malaysia),,oil and gas,Malaysia,,conventional,operating,,2023,2007,,2014,PTT Exploration and Production,PTT Exploration and Production PCL [22%]; ConocoPhillips Corp [21%]; Shell PLC [21%]; Petroliam Nasional Bhd [26%]; PT Pertamina (Persero) PT [9%],Petroliam Nasional Bhd [26.0%]; PTT Exploration and Production PCL [22.4%]; ConocoPhillips Corp [21.0%]; Shell PLC [21.0%]; PT Pertamina (Persero) PT [9.6%],,"L100000314072, L100000312061, L100000318158",https://www.gem.wiki/Siakap_North-Petai_Oil_and_Gas_Project_(Malaysia),SNP,6.0750000,114.3430000,exact,project level location,offshore,,,Block G
L100000320301,"Sirius Gas Project (Guajira, Colombia)",Sirius,gas,Colombia,Guajira,conventional,discovered,,2025,2022,,,Petróleo Brasileiro,Petróleo Brasileiro SA [44%]; Ecopetrol SA [55%],Ecopetrol SA [55.6%]; Petróleo Brasileiro SA [44.4%],,L100000320301,"https://www.gem.wiki/Sirius_Gas_Project_(Guajira,_Colombia)",Uchuva,11.5910000,-73.6890000,exact,project level location,offshore,,,
L100000318154,SK10 Gas Project (Malaysia),,gas,Malaysia,,conventional,operating,,2024,1990,,2003,ENEOS Xplora Malaysia,ENEOS Xplora Malaysia Ltd [75%]; Petronas Carigali Sdn Bhd [25%],ENEOS Holdings Inc [59.0%]; Petroliam Nasional Bhd [25.0%]; INPEX Corp [11.2%]; Mitsubishi Corp [4.7%],,"L100000318159, L100000318154, L100000312025, L100000312036",https://www.gem.wiki/SK10_Gas_Project_(Malaysia),,4.7860000,113.4950000,exact,project level location,offshore,,,SK10
L100001080422,SK309 & SK311 Oil and Gas Project (Malaysia),,oil and gas,Malaysia,,conventional,operating,,2024,,,2003,PTTEP Sarawak Oil,PTTEP Sarawak Oil Ltd [59%]; PT Pertamina Malaysia EP [25%]; Petronas Carigali Sdn Bhd [15%],PTT PCL [59.5%]; PT Pertamina Malaysia EP [25.5%]; Petroliam Nasional Bhd [15.0%],,"L100000312093, L100000312092, L100001080440, L100000312080",https://www.gem.wiki/SK309_&_SK311_Oil_and_Gas_Project_(Malaysia),,3.83,113.01,approximate,project level location,offshore,,,SK309; SK311
L100000324169,SK408 Oil and Gas Project (Malaysia),,oil and gas,Malaysia,,conventional,operating,,2024,2014,2018,,SapuraOMV,TotalEnergies SE [40%]; Sarawak Shell Bhd [30%]; Petronas Carigali Sdn Bhd [30%],TotalEnergies SE [40.0%]; Petroliam Nasional Bhd [30.0%]; Shell PLC,,"L100000311921, L100000311922, L100000311919, L100001063903",https://www.gem.wiki/SK408_Oil_and_Gas_Project_(Malaysia),,4.7243333,112.6578000,approximate,project level location,offshore,,,SK408
L100001064234,SK8 Oil and Gas Project (Malaysia),,oil and gas,Malaysia,,conventional,operating,,2024,,,,Petronas Carigali,Petronas Carigali Sdn Bhd [100%],Petroliam Nasional Bhd [100.0%],,L100000312065,https://www.gem.wiki/SK8_Oil_and_Gas_Project_(Malaysia),,5.2843471,111.8795293,approximate,location derived from fields,offshore,,,SK8
L100000312504,"Sorovskoye Oil and Gas Project (Khanty-Mansi Autonomous Okrug, Russia)",Соровское,oil and gas,Russia,Khanty-Mansi Autonomous Okrug,mixed,operating,,2023,2002,,,,,,,"L100000312504, L100000321173, L100000321172","https://www.gem.wiki/Sorovskoye_Oil_and_Gas_Project_(Khanty-Mansi_Autonomous_Okrug,_Russia)",,59.8339000,71.2489000,exact,project level location,onshore,,West Siberian,Vostochno-Salymsky; Vostochno-Vuemsky
L100000312680,Southern Fields Gas Project (Algeria),,gas,Algeria,,conventional,,,,,,,In Salah Gas,,,,,https://www.gem.wiki/Southern_Fields_Gas_Project_(Algeria),,27.1390000,3.5220000,approximate,project level location,onshore,,,
L100000314110,South Pars Oil and Gas Project (Iran),,oil and gas,Iran,,conventional,operating,,2025,1990,,2002,Pars Oil and Gas,National Iranian Oil Co [100%],National Iranian Oil Co [100.0%],,"L100000312248, L100000312253, L100000312258, L100000312250, L100000312249, L100000312252, L100000312254, L100000312257, L100000312247, L100000312246, L100000312255, L100000312251, L100000312256, L100000312245",https://www.gem.wiki/South_Pars_Oil_and_Gas_Project_(Iran),South Pars (all Phases),26.8614000,52.1813000,exact,project level location,offshore,,,
L100000323360,"Srednebotuobinskoye Oil and Gas Project (Sakha Republic, Russia)",Среднеботуобинское,oil and gas,Russia,Sakha Republic,conventional,operating,,2023,,,,,,,,"L100000323359, L100000323360, L100000323376, L100000312434","https://www.gem.wiki/Srednebotuobinskoye_Oil_and_Gas_Project_(Sakha_Republic,_Russia)",,61.7896000,113.1291000,exact,project level location,onshore,,Lena-Tunguska,Central oil block of the Srednebotuobinskoye field; Kurungsky; Section Eastern blocks III-IV of Srednebotuobinskoye field; Srednebotuobinskoye field; Tektuysky
L100000320838,"Suizhong 36-1/Luda 5-2 Adjustment Oil Project (Liaoning, China)",绥中36-1/旅大5-2二次调整,oil,China,Liaoning,conventional,operating,,2025,2023,,2024,CNOOC,CNOOC Ltd [100%],CNOOC Ltd [100.0%],,L100000320838,"https://www.gem.wiki/Suizhong_36-1/Luda_5-2_Adjustment_Oil_Project_(Liaoning,_China)",,39.9501000,120.8360000,exact,project level location,offshore,,,
L100000310825,"Sulige Gas Project (Inner Mongolia, China)",苏里格,gas,China,Inner Mongolia,conventional,operating,,2025,2000,,2006,PetroChina Changqing Oilfield Sulige Development,PetroChina Changqing Oilfield Sulige Development Co [100%],PetroChina Co Ltd [100.0%],,L100000320803,"https://www.gem.wiki/Sulige_Gas_Project_(Inner_Mongolia,_China)",,38.5640000,108.3060000,exact,project level location,onshore,,Ordos,Sulige South
L100000323345,"Surat North Gas Project (Queensland, Australia)",,gas,Australia,Queensland,,in-development,,2025,,2024,,,Arrow Energy [100%],PetroChina Co Ltd [50.0%]; Shell PLC [50.0%],,,"https://www.gem.wiki/Surat_North_Gas_Project_(Queensland,_Australia)","Phase II, Girrahween Development",,,,,onshore,,Surat basin,
L100000312567,"Talakanskoye Oil and Gas Project (Republic of Sakha, Russia)",Талаканское,oil and gas,Russia,Republic of Sakha,conventional,operating,,2023,1987,,2008,Surgutneftegas,Surgutneftegas PJSC [100%],Surgutneftegas PJSC [100.0%],,"L100000312373, L100000312567, L100000321100","https://www.gem.wiki/Talakanskoye_Oil_and_Gas_Project_(Republic_of_Sakha,_Russia)",Talakan,59.8842000,110.5339000,exact,project level location,onshore,,Lena-Tunguska,Central Talakanskoye license block; Eastern Talakansky license block; Severo-Talakansky; Yuzhno-Talakansky
L100000318456,"Tambeyskoye Oil and Gas Project (Yamalo-Nenets Autonomous Okrug, Russia)",Тамбейская группа месторождений,oil and gas,Russia,Yamalo-Nenets Autonomous Okrug,conventional,discovered,,2024,2024,,,Gazprom Dobycha Tambey,Gazprom Dobycha Tambey LLC [100%],Gazprom PJSC [50.0%]; RusGazDobycha JSC [50.0%],,L100000318573,"https://www.gem.wiki/Tambeyskoye_Oil_and_Gas_Project_(Yamalo-Nenets_Autonomous_Okrug,_Russia)",,71.7327000,71.9856000,approximate,project level location,onshore,,West Siberian,Malyginsky
L100000324181,Tangga Barat Cluster Gas Project (Malaysia),,gas,Malaysia,,conventional,operating,,2025,,2010,,Petronas Carigali,Petronas Carigali Sdn Bhd [100%],Petroliam Nasional Bhd [100.0%],,"L100000312032, L100000312060",https://www.gem.wiki/Tangga_Barat_Cluster_Gas_Project_(Malaysia),,6.2550946,104.0458294,approximate,location derived from fields,offshore,,,PM313
L100000312875,Tangguh Block Gas Project (Indonesia),,gas,Indonesia,,conventional,operating,,2025,1994,,2009,BP Berau,Mi Berau BV [16%]; Nippon Oil Exploration (Berau) [12%]; BP PLC [40%]; Indonesia Natural Gas Resources Muturi [7%]; KG Wiriagar Petroleum [1%]; CNOOC Muturi [13%]; KG Berau Petroleum [8%],BP PLC [40.2%]; Mitsubishi Corp [13.9%]; CNOOC Ltd [13.9%]; ENEOS Group [12.2%]; INPEX Corp [10.9%]; Indonesia Natural Gas Resources Muturi [7.4%]; KG Wiriagar Petroleum [1.4%]; China National Offshore Oil Corp,,"L100000312853, L100000312875, L100000317151, L100000312868, L100000317152, L100000312867, L100000320892",https://www.gem.wiki/Tangguh_Block_Gas_Project_(Indonesia),,-2.2694000,133.1013000,exact,project level location,offshore,,,Berau; Tangguh
L100000319756,"Tayyani, Maleh, Sijan, Azraq Oil Project (Syria)",,oil,Syria,,conventional,operating,,2015,,,,,,,,,"https://www.gem.wiki/Tayyani,_Maleh,_Sijan,_Azraq_Oil_Project_(Syria)",,35.1366000,40.3434000,approximate,project level location,onshore,,,
L100001063486,Tchibeli-Litanzi Oil and Gas Project (Republic of the Congo),,oil and gas,Republic of the Congo,,conventional,operating,,2024,,,,Perenco,Hemla E&P Congo SA [20%]; Société Nationale Des Pétroles Du Congo [15%]; Petro Congo [5%]; Africa Oil & Gas Corp [10%]; Perenco SA [40%]; Continent Congo SA [10%],Perenco SA [40.0%]; Hemla E&P Congo SA [20.0%]; Société Nationale Des Pétroles Du Congo [15.0%]; Africa Oil & Gas Corp [10.0%]; Petro Congo [5.0%]; Continent Congo SA,,"L100000317469, L100000317470",https://www.gem.wiki/Tchibeli-Litanzi_Oil_and_Gas_Project_(Republic_of_the_Congo),,-5.0215000,11.5439000,approximate,project level location,offshore,,,PNGF Sud
L100000320741,Tembakau Gas Project (Malaysia),,gas,Malaysia,,,discovered,,2024,2012,,,IPC Malaysia,IPC Malaysia BV [90%]; IPC Sea Holding BV [10%],International Petroleum Corporation (IPC) [100.0%],,L100000320741,https://www.gem.wiki/Tembakau_Gas_Project_(Malaysia),,,,,,offshore,,,PM 307
L100000312591,Tengiz Oil and Gas Project (Kazakhstan),Тенгиз,oil and gas,Kazakhstan,,conventional,operating,,2024,1979,,1991,Tengizchevroil,Exxon Mobil Corp [25%]; Chevron Corp [50%]; LUKOIL PJSC [5%]; National Company KazMunayGas JSC [20%],Chevron Corp [50.0%]; Exxon Mobil Corp [25.0%]; National Company KazMunayGas JSC [20.0%]; LUKOIL PJSC [5.0%],,"L100000320295, L100000320300, L100000312591",https://www.gem.wiki/Tengiz_Oil_and_Gas_Project_(Kazakhstan),,46.1307000,53.4072000,exact,project level location,onshore,,Precaspian,Tengiz
L100000324737,"Tiber-Guadalupe Oil and Gas Project (Federal Offshore, United States)",,oil and gas,United States,Federal Offshore,conventional,in-development,actual,2025,,2025,,BP,BP PLC [100%],BP PLC [100.0%],,"L100000319556, L100000319555","https://www.gem.wiki/Tiber-Guadalupe_Oil_and_Gas_Project_(Federal_Offshore,_United_States)",,26.8390000,-93.1730000,approximate,project level location,offshore,,,KC010; KC102
L100000304818,"Tigana/Jacana Oil Project (Casanare, Colombia)",Tigana/Jacana,oil,Colombia,Casanare,conventional,operating,,2023,,,,GeoPark Colombia,GeoPark Colombia SAS [45%]; Parex Resources [55%],Parex Resources [55.0%]; GeoPark Ltd [45.0%],,"L100000303190, L100000304818, L100000302995","https://www.gem.wiki/Tigana/Jacana_Oil_Project_(Casanare,_Colombia)",,4.4100000,-72.6520000,approximate,project level location,onshore,,,Lla 34
L100000312678,Touat Oil and Gas Project (Algeria),,oil and gas,Algeria,,conventional,operating,,2023,1985,,2019,Groupement TouatGaz,Neptune Energy Touat [65%]; Sonatrach SpA [35%],Sonatrach SpA [35.0%]; Engie SA [29.9%]; China Investment Corp [17.2%]; The Carlyle Group [10.7%]; CVC Capital Partners PLC [7.2%],,L100000312678,https://www.gem.wiki/Touat_Oil_and_Gas_Project_(Algeria),,28.7240000,-0.1090000,exact,project level location,onshore,,Sbaa,
L100000301859,Trinity-1X Gas Project (Romania),,gas,Romania,,conventional,discovered,,2020,2020,,,Lukoil and Romgaz,Romgaz [12%]; LUKOIL PJSC [88%],LUKOIL PJSC [88.0%]; Romgaz [12.2%],,L100000301859,https://www.gem.wiki/Trinity-1X_Gas_Project_(Romania),,,,,,unknown,,,Trident Block
L100000312892,Tuna Oil and Gas Project (Indonesia),,oil and gas,Indonesia,,conventional,in-development,,2025,2014,2023,,Harbour Energy,Harbour Energy PLC [50%]; Zarubezhneft JSC [50%],Harbour Energy PLC [50.0%]; Government of Russia; Zarubezhneft JSC,,L100000312892,https://www.gem.wiki/Tuna_Oil_and_Gas_Project_(Indonesia),,1.4080000,100.8130000,exact,project level location,onshore,"MULTIPOLYGON (((108.6 6.709444,108.75 6.737283,108.75 6.666667,108.733333 6.666667,108.733333 6.616667,108.833333 6.616667,108.833333 6.666667,108.883333 6.666667,108.883333 6.633333,108.866667 6.633333,108.866667 6.6,108.85 6.6,108.85 6.516667,108.833333 6.516667,108.833333 6.5,108.8 6.5,108.8 6.483333,108.783333 6.483333,108.783333 6.45,108.766667 6.45,108.766667 6.416667,108.75 6.416667,108.75 6.333333,108.583333 6.333333,108.583333 6.266667,108.533333 6.266667,108.533333 6.283333,108.5 6.283333,108.5 6.316667,108.483333 6.316667,108.483333 6.383333,108.533333 6.383333,108.533333 6.416667,108.55 6.416667,108.55 6.433333,108.566667 6.433333,108.566667 6.45,108.633333 6.45,108.633333 6.416667,108.683333 6.416667,108.683333 6.433333,108.7 6.433333,108.7 6.483333,108.716667 6.483333,108.716667 6.5,108.733333 6.5,108.733333 6.516667,108.75 6.516667,108.75 6.533333,108.716667 6.533333,108.716667 6.516667,108.683333 6.516667,108.683333 6.533333,108.65 6.533333,108.65 6.516667,108.55 6.516667,108.55 6.55,108.566667 6.55,108.566667 6.583333,108.583333 6.583333,108.583333 6.6,108.6 6.6,108.6 6.709444)))",,Tuna
L100000304927,Tyra Oil and Gas Project (Denmark),,oil and gas,Denmark,,conventional,mothballed,,2022,1968,,1984,TotalEnergies,TotalEnergies SE [43%]; BlueNord [36%]; Nordsøfonden [20%],TotalEnergies SE [43.2%]; BlueNord [36.8%]; Nordsøfonden [20.0%],,"L100000304920, L100000318247, L100000304927, L100000304919",https://www.gem.wiki/Tyra_Oil_and_Gas_Project_(Denmark),,55.6501000,4.8943000,approximate,project level location,offshore,,,5504/11; 5504/12
L100000317982,Uaru Oil and Gas Project (Guyana),,oil and gas,Guyana,,conventional,in-development,,2025,2020,2023,,ExxonMobil Guyana,CNOOC Petroleum Guyana Ltd [25%]; Hess Guyana Exploration Ltd [30%]; ExxonMobil Guyana Ltd [45%],Hess Corp [30.0%]; China National Offshore Oil Corp; Exxon Mobil Corp,,"L100000317982, L100000313095, L100000313094, L100000313083",https://www.gem.wiki/Uaru_Oil_and_Gas_Project_(Guyana),Errea Wittu,8.0068000,-56.8277000,exact,project level location,offshore,,,Stabroek Block
L100000321384,Unity Oil Project (South Sudan),,oil,South Sudan,,conventional,operating,,2019,,,,Greater Pioneer Operating Company (GPOC),Greater Pioneer Operating Company (GPOC) [100%],China National Petroleum Corp [40.0%]; Petroliam Nasional Berhad (Petronas) [30.0%]; Oil and Natural Gas Corporation (ONGC) [25.0%]; Nilepet [5.0%],,"L100000318042, L100000321384, L100000318043",https://www.gem.wiki/Unity_Oil_Project_(South_Sudan),,9.6500000,29.2500000,approximate,project level location,onshore,,,Block 1
L100000323374,"Urengoyskoye Oil and Gas Project (Yamalo-Nenets Autonomous Okrug, Russia)",Уренгойское (проект),oil and gas,Russia,Yamalo-Nenets Autonomous Okrug,conventional,operating,,2023,,,,,,,,"L100000321059, L100000318938, L100000312430, L100000321060, L100000321061, L100000323374, L100000312426, L100000317173, L100000318936, L100000312386, L100000321058, L100000312054","https://www.gem.wiki/Urengoyskoye_Oil_and_Gas_Project_(Yamalo-Nenets_Autonomous_Okrug,_Russia)",,66.6667000,76.7500000,approximate,project level location,onshore,,West Siberian; Bolshoi Urengoy,Novo-Urengoysky; Samburgsky; Urengoyskoye field (including Urengoyskaya and Yen-Yakhinskaya areas); Vostochno-Urengoysky
L100000317183,Urikhtau Oil and Gas Project (Kazakhstan),Урихтау,oil and gas,Kazakhstan,,conventional,operating,,2024,1983,,2023,Urikhtau Operating,National Company KazMunayGas JSC [100%],National Company KazMunayGas JSC [100.0%],,"L100000317182, L100000317183",https://www.gem.wiki/Urikhtau_Oil_and_Gas_Project_(Kazakhstan),,48.4350000,57.3446000,exact,project level location,onshore,,,
L100000311260,Utorogu/Ughelli Oil and Gas Project (Nigeria),,oil and gas,Nigeria,,conventional,operating,,2024,,,,NNPC E&P,ND Western [45%]; NNPC E&P Ltd [55%],FIRST Exploration & Petroleum Development Company Ltd; Niger Delta Petroleum; NNPC Ltd; Petrolin Trading Ltd; Walter-Smith Exploration and Production Ltd,,,https://www.gem.wiki/Utorogu/Ughelli_Oil_and_Gas_Project_(Nigeria),,5.5145000,5.9367000,exact,project level location,onshore,,,OML 34
L100000320922,Uzen & Karamandybas Oil and Gas Project (Kazakhstan),Узень и Карамандыбас,oil and gas,Kazakhstan,,conventional,operating,,2024,1962,,,Ozenmunaigas,Ozenmunaigas JSC [100%],Ozenmunaigas JSC [100.0%],,"L100000312647, L100000312593, L100000320922",https://www.gem.wiki/Uzen_&_Karamandybas_Oil_and_Gas_Project_(Kazakhstan),,43.4175000,52.8658000,exact,project level location,onshore,,Mangyshlak–Central Caspian,
L100000318576,Val d’Agri Oil and Gas Project (Italy),,oil and gas,Italy,,conventional,operating,,2021,1981,,1996,Eni,Shell PLC [39%]; Eni SpA [61%],Eni SpA [61.0%]; Shell PLC [39.0%],,"L100000300713, L100000318576, L100000300780, L100000300781",https://www.gem.wiki/Val_d’Agri_Oil_and_Gas_Project_(Italy),,40.3840000,15.8660000,exact,project level location,onshore,,,VAL D'AGRI
L100000304884,"Velásquez-Palagua Oil Project (Boyaca, Colombia)",Velásquez-Palagua,oil,Colombia,Boyaca,conventional,operating,,2023,1946,,,,,,,"L100000304884, L100000303220, L100000303093","https://www.gem.wiki/Velásquez-Palagua_Oil_Project_(Boyaca,_Colombia)",,6.1310000,-74.4770000,approximate,project level location,onshore,,,Guaguaqui - Teran; Palagua
L100000321108,"Vostochno-Surgutskoye Oil Project (Khanty-Mansi Autonomous Okrug, Russia)",Восточно-Сургутское,oil,Russia,Khanty-Mansi Autonomous Okrug,conventional,operating,,2023,,,,,,,,"L100000312585, L100000321107, L100000321108","https://www.gem.wiki/Vostochno-Surgutskoye_Oil_Project_(Khanty-Mansi_Autonomous_Okrug,_Russia)",,61.0833000,73.7478000,exact,project level location,onshore,,West Siberian,
L100000323333,Vostok Oil Oil and Gas Project (Russia),Восток Ойл,oil and gas,Russia,,conventional,operating,,2023,,,,,,,,"L100000312161, L100000313932, L100000320707, L100000312167, L100000312436, L100000312428, L100000318604, L100000323333, L100000318551, L100000320991",https://www.gem.wiki/Vostok_Oil_Oil_and_Gas_Project_(Russia),,67.7197000,83.5013000,approximate,project level location,onshore,,West Siberian,Novoognenny; Suzunsky; Tagulsky; Vankorskaya area; Vostochno-Suzunsky; Yuzhno-Suzunsky; Zapadno-Suzunsky
L100000319757,"Wahab, Habbari, Deilla, Fadeh Oil Project (Syria)",,oil,Syria,,conventional,operating,,2015,,,,,,,,,"https://www.gem.wiki/Wahab,_Habbari,_Deilla,_Fadeh_Oil_Project_(Syria)",,36.0494000,38.9487000,approximate,project level location,onshore,,,
L100000319755,"Ward, Ahmer, Akash, Ratka Oil Project (Syria)",,oil,Syria,,conventional,operating,,2015,,,,,,,,,"https://www.gem.wiki/Ward,_Ahmer,_Akash,_Ratka_Oil_Project_(Syria)",,35.1366000,40.3434000,approximate,project level location,onshore,,,
L100000317603,"Wattenberg Oil and Gas Project (Colorado, United States)",,oil and gas,United States,Colorado,,operating,,2024,1970,,,,,,COGIS: 90750,"L100000315337, L100000314318, L100000315157, L100000314374, L100000314775, L100000314869, L100000315246, L100000315506, L100000315953, L100000316559, L100000317603, L100000315785, L100000315930","https://www.gem.wiki/Wattenberg_Oil_and_Gas_Project_(Colorado,_United_States)",,40.1980000,-104.7310000,exact,project level location,onshore,,Denver,
L100000318958,"Weizhou 12-2 Oil and Gas Project (Guangxi, China)",涠洲12-2,oil and gas,China,Guangxi,conventional,operating,,2025,1989,,2016,CNOOC,CNOOC Ltd [100%],CNOOC Ltd [100.0%],,"L100000310890, L100000318958","https://www.gem.wiki/Weizhou_12-2_Oil_and_Gas_Project_(Guangxi,_China)",,20.7173000,108.8148000,exact,project level location,offshore,,Beibu Gulf,
L100000321305,"Wenchang Field Cluster Oil Project (South China Sea, China)",文昌油田群,oil,China,South China Sea,conventional,operating,,2025,,,2008,CNOOC,CNOOC Ltd [100%],CNOOC Ltd [100.0%],,,"https://www.gem.wiki/Wenchang_Field_Cluster_Oil_Project_(South_China_Sea,_China)",,19.4327000,112.1025000,exact,project level location,offshore,,Zhujiangkou,
L100000311930,West Delta Deep Marine Oil and Gas Project (Egypt),,oil and gas,Egypt,,conventional,operating,,2024,,,2003,Shell Egypt,Petronas PICL [50%]; Shell Egypt [50%],Petroliam Nasional Berhad (Petronas) [50.0%]; Shell PLC [50.0%],,"L100000311924, L100000311930, L100000317156, L100000317163, L100000317159, L100000317162, L100000311621, L100000311630, L100000311635, L100000317157, L100000317158, L100000317160, L100000317164, L100000317165, L100000317166, L100000317167, L100000317168, L100000317161",https://www.gem.wiki/West_Delta_Deep_Marine_Oil_and_Gas_Project_(Egypt),WDDM,31.9725000,30.3470000,exact,project level location,offshore,,,West Delta Deep Marine; West Delta Deep Marine (WDDM)
L100000317538,West El Burullus Gas Project (Egypt),,gas,Egypt,,conventional,in-development,,2025,2008,2023,,Cheiron Petroleum,Cheiron Petroleum Corp [100%],Cheiron Petroleum Corp [100.0%],,L100000317538,https://www.gem.wiki/West_El_Burullus_Gas_Project_(Egypt),"El Burullus West, WEB",31.5835000,30.4316000,approximate,project level location,offshore,,,
L100000310790,"Western Surat Gas Project (Queensland, Australia)",,gas,Australia,Queensland,,,,,,,,,,,,L100000310790,"https://www.gem.wiki/Western_Surat_Gas_Project_(Queensland,_Australia)",,,,,,unknown,,,
L100000311674,West Nile Delta Oil and Gas Project (Egypt),غرب دلتا النيل,oil and gas,Egypt,,conventional,operating,,2024,2015,,2017,BP,BP PLC [82%]; Wintershall Dea GmbH [17%],BP PLC [82.8%]; BASF SE [12.6%]; Letterone Investment Holdings SA,,"L100000317439, L100000311592, L100000311656, L100000311674, L100000311591, L100000311655, L100000311654",https://www.gem.wiki/West_Nile_Delta_Oil_and_Gas_Project_(Egypt),,31.8010000,30.0290000,exact,project level location,offshore,,,West Nile Delta development
L100000321056,"West White Rose Oil and Gas Project (Newfoundland & Labrador, Canada)",,oil and gas,Canada,Newfoundland & Labrador,conventional,in-development,,2025,,2022,,Cenovus Energy,Nalcor Energy [5%]; Cenovus Energy Inc [56%]; Suncor Energy Inc [38%],Cenovus Energy Inc [56.4%]; Suncor Energy Inc [38.6%]; Nalcor Energy [5.0%],,L100000321056,"https://www.gem.wiki/West_White_Rose_Oil_and_Gas_Project_(Newfoundland_&_Labrador,_Canada)",,47.4800000,-47.9230000,approximate,project level location,offshore,,Jeanne d’Arc,
L100000310796,"Wheatstone/Iago Gas Project (Western Australia, Australia)",,gas,Australia,Western Australia,conventional,operating,,2025,,2011,2017,Chevron,Kyushu Electric Power Co Inc [1%]; Kuwait Foreign Petroleum Exploration Company KSC [13%]; Woodside Petroleum Ltd [13%]; Chevron Corp [64%]; PE Wheatstone [8%],Chevron Corp [64.1%]; Woodside Energy Group Ltd [13.0%]; Pan Pacific Energy KK [8.0%]; Kyushu Electric Power Co Inc [1.5%]; Kuwait Petroleum Corp,,"L100000310795, L100000310120, L100000310796","https://www.gem.wiki/Wheatstone/Iago_Gas_Project_(Western_Australia,_Australia)",,-19.9305000,115.3355000,approximate,project level location,offshore,,Northern Carnavon,WA-17-R; WA-253-P R1
L100000324240,Whiptail Oil and Gas Project (Guyana),,oil and gas,Guyana,,conventional,in-development,,2024,,,,ExxonMobil Guyana,CNOOC Petroleum Guyana Ltd [25%]; Hess Guyana Exploration Ltd [30%]; ExxonMobil Guyana Ltd [45%],Hess Corp [30.0%]; China National Offshore Oil Corp; Exxon Mobil Corp,,"L100000317566, L100000313091, L100000313158",https://www.gem.wiki/Whiptail_Oil_and_Gas_Project_(Guyana),,7.8722667,-56.6790333,approximate,project level location,offshore,,,Stabroek Block
L100000320744,"Who Dat (MC503) Oil and Gas Project (Federal offshore, United States)",,oil and gas,United States,Federal offshore,conventional,operating,,2024,2007,,2011,LLOG Exploration Offshore,LLOG Exploration Offshore LLC [45%]; Karoon Energy Ltd [30%]; Westlawn [25%],LLOG Exploration Offshore LLC [45.0%]; Karoon Energy Ltd [30.0%]; Westlawn [25.0%],,,"https://www.gem.wiki/Who_Dat_(MC503)_Oil_and_Gas_Project_(Federal_offshore,_United_States)",,28.4720000,-89.0790000,approximate,project level location,offshore,,,
L100000313950,"Wushi 23-5 Oil Project (Guangdong, China)",乌石23-5,oil,China,Guangdong,conventional,operating,,2025,2018,,2024,CNOOC,CNOOC Ltd [100%],CNOOC Ltd [100.0%],,L100000313950,"https://www.gem.wiki/Wushi_23-5_Oil_Project_(Guangdong,_China)",,20.5494000,109.6367000,exact,project level location,offshore,,Beibu Gulf,
L100000310822,"Xinjiang Oil and Gas Project (Xinjiang, China)",新疆,oil and gas,China,Xinjiang,conventional,operating,,2025,1955,,1958,China Petroleum and Natural Gas Group LTD Xinjiang Oilfield,China Petroleum and Natural Gas Group LTD Xinjiang Oilfield Co [100%],PetroChina Co Ltd [100.0%],,L100000321388,"https://www.gem.wiki/Xinjiang_Oil_and_Gas_Project_(Xinjiang,_China)",Karamay,46.0246000,86.0374000,exact,project level location,onshore,,Junggar,
L100000317488,Yakaar-Teranga Gas Project (Senegal),,gas,Senegal,,conventional,discovered,,2024,2016,,,Kosmos Energy,Societé des Petroles du Sénégal (Petrosen) [10%]; Kosmos Energy Ltd [90%],Kosmos Energy Ltd [90.0%]; Societé des Petroles du Sénégal (Petrosen) [10.0%],,L100000317488,https://www.gem.wiki/Yakaar-Teranga_Gas_Project_(Senegal),,15.2210000,-18.0730000,approximate,project level location,offshore,,,
L100000324602,Yaran Joint Oil Project (Iran),,oil,Iran,,conventional,operating,,2025,2009,,,Arvandan Oil and Gas,National Iranian Oil Co [100%],National Iranian Oil Co [100.0%],,"L100000312221, L100000312209",https://www.gem.wiki/Yaran_Joint_Oil_Project_(Iran),,31.30695,47.6874,approximate,location derived from fields,onshore,"MULTIPOLYGON (((47.7229338565337 31.3947634192639,47.7372448255407 31.3833350208511,47.7220105682107 31.3407618575899,47.7178557707571 31.3005361730494,47.7086228875267 31.2780496310136,47.6809242378358 31.2748931959372,47.6666132688288 31.2934357392283,47.6827708144819 31.3289325578908,47.7072379550422 31.3793938713407,47.7229338565337 31.3947634192639)))",,
L100000317437,Yazzi and Python Gas Project (Egypt),,gas,Egypt,,conventional,operating,,2023,2011,2021,2023,Abu Qir Petroleum,Energean PLC [100%],Energean PLC [100.0%],,,https://www.gem.wiki/Yazzi_and_Python_Gas_Project_(Egypt),,31.6097000,30.0702000,approximate,project level location,offshore,,,North El Amriya and North Idku (NEA/NI)
L100000324242,Yellowtail Oil and Gas Project (Guyana),,oil and gas,Guyana,,conventional,operating,ramp up,2025,,,2025,ExxonMobil Guyana,CNOOC Petroleum Guyana Ltd [25%]; Hess Guyana Exploration Ltd [30%]; ExxonMobil Guyana Ltd [45%],Hess Corp [30.0%]; China National Offshore Oil Corp; Exxon Mobil Corp,,"L100000313096, L100000313093",https://www.gem.wiki/Yellowtail_Oil_and_Gas_Project_(Guyana),,7.9537653,-56.6980676,approximate,location derived from fields,offshore,,,Stabroek Block
L100000320667,Yggdrasil Oil and Gas Project (Norway),,oil and gas,Norway,,conventional,in-development,,2025,,2022,,Aker BP,ORLEN Upstream Norway AS; Aker BP ASA; Equinor ASA,Aker BP ASA; Equinor ASA; ORLEN SA,,"L100000320667, L100000320665, L100000320666, L100000320664",https://www.gem.wiki/Yggdrasil_Oil_and_Gas_Project_(Norway),"Krafla/Askja, NOAKA",60.0000000,2.4000000,approximate,project level location,offshore,,,
L100000320917,Yibal Khuff Oil and Gas Project (Oman),جبال خف,oil and gas,Oman,,conventional,operating,,2024,,,2021,Petroleum Development Oman,Petroleum Development Oman LLC [100%],Energy Development Oman SAOC [60.0%]; Shell PLC [34.0%]; small shareholder(s) [6.0%],,"L100000312554, L100000320917",https://www.gem.wiki/Yibal_Khuff_Oil_and_Gas_Project_(Oman),,22.1803000,56.1791000,exact,project level location,onshore,,,Block 6
L100000305073,"Yumuri-Seboruco Oil Project (Matanzas, Cuba)",Yumurí-Seboruco,oil,Cuba,Matanzas,conventional,operating,,2021,1999,,,Sheritt International,CUPET [100%],CUPET [100.0%],,L100000305073,"https://www.gem.wiki/Yumuri-Seboruco_Oil_Project_(Matanzas,_Cuba)",,23.1690000,-81.5980000,exact,project level location,offshore,,,
L100000323371,"Yurubcheno-Tokhomskoye Oil and Gas Project (Krasnoyarsk Krai, Russia)",Юрубчено-Тохомское,oil and gas,Russia,Krasnoyarsk Krai,conventional,operating,,2023,,,,,,,"Rosnedra License ID: КРР02915НР, Rosnedra License ID: КРР11087НР, Rosnedra License ID: КРР02895НР","L100000323369, L100000323370, L100000323371, L100000312433","https://www.gem.wiki/Yurubcheno-Tokhomskoye_Oil_and_Gas_Project_(Krasnoyarsk_Krai,_Russia)",,60.2508000,97.0833000,approximate,project level location,onshore,,Lena-Tunguska,Severo-Vostochny section of Tersko-Kamovsky block; Southern section of Tersko-Kamovsky block; Tersko-Kamovsky (Southern section); Yurubchensky; Yurubchensky block
L100000317531,Zabazaba and Etan Oil and Gas Project (Nigeria),,oil and gas,Nigeria,,conventional,discovered,,2024,2005,,,Nigerian Agip Exploration,Nigerian Agip Exploration [50%]; Shell Nigeria Exploration & Production Co Ltd [50%],Eni SpA [50.0%]; Shell Nigeria Exploration & Production Co Ltd [50.0%],,L100000317531,https://www.gem.wiki/Zabazaba_and_Etan_Oil_and_Gas_Project_(Nigeria),,3.0308000,5.9224000,exact,project level location,offshore,,,OPL 245
L100000314099,Zawtika Gas Project (Myanmar),,gas,Myanmar,,conventional,operating,,2023,2007,,2014,PTTEP International,Myanmar Oil and Gas Enterprise [20%]; PTTEP International Ltd [80%],PTT Exploration and Production PCL [80.0%]; Government of Myanmar; Myanmar Oil and Gas Enterprise,,"L100000314099, L100000317170, L100000317171, L100000317169, L100000318190",https://www.gem.wiki/Zawtika_Gas_Project_(Myanmar),,14.4200000,95.0060000,exact,project level location,offshore,,,Blocks M9 and M11
L100000318348,Zeagli-Darvaza Gas Project (Turkmenistan),,gas,Turkmenistan,,conventional,,,,1960,,,Turkmengas State Concern,Turkmengas State Concern [100%],Turkmengas State Concern [100.0%],,L100000318348,https://www.gem.wiki/Zeagli-Darvaza_Gas_Project_(Turkmenistan),,,,,,onshore,,,
L100000321306,"Zhongyuan Oil Project (Henan, China)",中原,oil,China,Henan,mixed,operating,,2025,1975,,1988,Sinopec Zhongyuan Oilfield,China Petrochemical Corp [100%],China Petrochemical Corp [100.0%],,"L100000321306, L100000321381, L100000321382","https://www.gem.wiki/Zhongyuan_Oil_Project_(Henan,_China)",,35.6456130,115.2664670,exact,project level location,onshore,,Sichuan,